order_id,client_id,client_type,product_name,quantity,status,revenue,waiting_time,processing_time,worker_name,message
2,10002,VIP,"Nintendo Switch",1,ACCEPTED,319.99,0.00016,0.01658,Servidor-1,"Compra completada correctamente."
4,10004,NORMAL,"PlayStation 5",1,ACCEPTED,499.99,0.00012,0.01685,Servidor-2,"Compra completada correctamente."
6,10006,NORMAL,"MacBook Air",1,ACCEPTED,1199.00,0.00008,0.01824,Servidor-3,"Compra completada correctamente."
1,10001,NORMAL,"PlayStation 5",1,ACCEPTED,499.99,0.00012,0.02341,Servidor-4,"Compra completada correctamente."
3,10003,VIP,"Nintendo Switch",2,ACCEPTED,639.98,0.00005,0.02746,Servidor-5,"Compra completada correctamente."
8,10008,VIP,"Kindle",1,ACCEPTED,129.99,0.00005,0.02770,Servidor-6,"Compra completada correctamente."
10,10010,NORMAL,"MacBook Air",1,ACCEPTED,1199.00,0.00007,0.02754,Servidor-8,"Compra completada correctamente."
11,10011,NORMAL,"MacBook Air",2,ACCEPTED,2398.00,0.00002,0.02885,Servidor-10,"Compra completada correctamente."
5,10005,NORMAL,"PlayStation 5",1,ACCEPTED,499.99,0.00006,0.03590,Servidor-7,"Compra completada correctamente."
17,10017,NORMAL,"Kindle",2,ACCEPTED,259.98,0.00009,0.02871,Servidor-11,"Compra completada correctamente."
12,10012,VIP,"MacBook Air",1,ACCEPTED,1199.00,0.00004,0.03649,Servidor-9,"Compra completada correctamente."
14,10014,NORMAL,"AirPods Pro",2,ACCEPTED,498.00,0.00015,0.04033,Servidor-1,"Compra completada correctamente."
29,10029,VIP,"PlayStation 5",1,ACCEPTED,499.99,0.00241,0.03342,Servidor-4,"Compra completada correctamente."
16,10016,NORMAL,"iPhone 16",2,ACCEPTED,1918.00,0.00006,0.04601,Servidor-2,"Compra completada correctamente."
7,10007,NORMAL,"AirPods Pro",1,ACCEPTED,249.00,0.00004,0.04732,Servidor-12,"Compra completada correctamente."
13,10013,NORMAL,"Nintendo Switch",2,ACCEPTED,639.98,0.01272,0.03627,Servidor-6,"Compra completada correctamente."
9,10009,NORMAL,"PlayStation 5",2,ACCEPTED,999.98,0.00003,0.05314,Servidor-3,"Compra completada correctamente."
15,10015,NORMAL,"iPhone 16",1,ACCEPTED,959.00,0.01326,0.03907,Servidor-8,"Compra completada correctamente."
24,10024,VIP,"PlayStation 5",1,PAYMENT_ERROR,0.00,0.00009,0.04730,Servidor-5,"Pedido cancelado: fallo en la pasarela de pago."
19,10019,NORMAL,"PlayStation 5",2,ACCEPTED,999.98,0.01743,0.04079,Servidor-11,"Compra completada correctamente."
18,10018,NORMAL,"Cafetera Deluxe",1,ACCEPTED,189.99,0.01929,0.04979,Servidor-10,"Compra completada correctamente."
38,10038,VIP,"AirPods Pro",1,ACCEPTED,249.00,0.01080,0.03458,Servidor-1,"Compra completada correctamente."
28,10028,VIP,"AirPods Pro",2,ACCEPTED,498.00,0.00078,0.05345,Servidor-7,"Compra completada correctamente."
46,10046,VIP,"iPhone 16",1,ACCEPTED,959.00,0.00560,0.03840,Servidor-4,"Compra completada correctamente."
30,10030,VIP,"iPhone 16",1,ACCEPTED,959.00,0.00082,0.05808,Servidor-9,"Compra completada correctamente."
27,10027,NORMAL,"AirPods Pro",2,ACCEPTED,498.00,0.05415,0.01636,Servidor-10,"Compra completada correctamente."
50,10050,VIP,"PlayStation 5",1,ACCEPTED,499.99,0.00452,0.04015,Servidor-2,"Compra completada correctamente."
23,10023,NORMAL,"Nintendo Switch",2,ACCEPTED,639.98,0.05278,0.04153,Servidor-3,"Compra completada correctamente."
25,10025,NORMAL,"PlayStation 5",2,ACCEPTED,999.98,0.04284,0.04457,Servidor-8,"Compra completada correctamente."
22,10022,NORMAL,"Smart TV 55",2,ACCEPTED,1298.00,0.04041,0.05216,Servidor-6,"Compra completada correctamente."
71,10071,VIP,"Robot Aspirador",1,ACCEPTED,279.99,0.00028,0.04453,Servidor-5,"Compra completada correctamente."
26,10026,NORMAL,"Cafetera Deluxe",2,ACCEPTED,379.98,0.04533,0.04738,Servidor-11,"Compra completada correctamente."
74,10074,VIP,"Nintendo Switch",1,ACCEPTED,319.99,0.00081,0.03507,Servidor-7,"Compra completada correctamente."
20,10020,NORMAL,"AirPods Pro",1,ACCEPTED,249.00,0.03991,0.07229,Servidor-12,"Compra completada correctamente."
32,10032,NORMAL,"iPhone 16",1,ACCEPTED,959.00,0.06327,0.03381,Servidor-9,"Compra completada correctamente."
77,10077,VIP,"Smart TV 55",1,ACCEPTED,649.00,0.00238,0.04761,Servidor-1,"Compra completada correctamente."
31,10031,NORMAL,"PlayStation 5",2,ACCEPTED,999.98,0.06077,0.04340,Servidor-4,"Compra completada correctamente."
34,10034,NORMAL,"Cafetera Deluxe",2,ACCEPTED,379.98,0.05965,0.04133,Servidor-2,"Compra completada correctamente."
36,10036,NORMAL,"iPhone 16",2,ACCEPTED,1918.00,0.07084,0.02848,Servidor-8,"Compra completada correctamente."
78,10078,VIP,"Smart TV 55",2,ACCEPTED,1298.00,0.00467,0.03550,Servidor-3,"Compra completada correctamente."
33,10033,NORMAL,"Kindle",2,ACCEPTED,259.98,0.06264,0.04658,Servidor-10,"Compra completada correctamente."
44,10044,NORMAL,"PlayStation 5",1,ACCEPTED,499.99,0.09171,0.01804,Servidor-4,"Compra completada correctamente."
40,10040,NORMAL,"Kindle",2,ACCEPTED,259.98,0.08176,0.03030,Servidor-7,"Compra completada correctamente."
107,10107,VIP,"AirPods Pro",1,ACCEPTED,249.00,0.00549,0.03077,Servidor-11,"Compra completada correctamente."
37,10037,NORMAL,"iPhone 16",2,ACCEPTED,1918.00,0.07319,0.04286,Servidor-6,"Compra completada correctamente."
113,10113,VIP,"AirPods Pro",1,ACCEPTED,249.00,0.00403,0.03267,Servidor-12,"Compra completada correctamente."
42,10042,NORMAL,"PlayStation 5",1,ACCEPTED,499.99,0.08357,0.03521,Servidor-1,"Compra completada correctamente."
39,10039,NORMAL,"Robot Aspirador",1,ACCEPTED,279.99,0.07226,0.06018,Servidor-5,"Compra completada correctamente."
41,10041,NORMAL,"AirPods Pro",2,ACCEPTED,498.00,0.09301,0.04880,Servidor-9,"Compra completada correctamente."
48,10048,NORMAL,"PlayStation 5",2,ACCEPTED,999.98,0.08750,0.03808,Servidor-3,"Compra completada correctamente."
45,10045,NORMAL,"Robot Aspirador",1,ACCEPTED,279.99,0.08179,0.04437,Servidor-2,"Compra completada correctamente."
120,10120,VIP,"Kindle",1,ACCEPTED,129.99,0.00024,0.03592,Servidor-7,"Compra completada correctamente."
47,10047,NORMAL,"Robot Aspirador",2,ACCEPTED,559.98,0.08929,0.05107,Servidor-8,"Compra completada correctamente."
110,10110,VIP,"Robot Aspirador",2,ACCEPTED,559.98,0.00011,0.06148,Servidor-10,"Compra completada correctamente."
124,10124,VIP,"iPhone 16",1,PAYMENT_ERROR,0.00,0.00014,0.04233,Servidor-12,"Pedido cancelado: fallo en la pasarela de pago."
112,10112,VIP,"Smart TV 55",1,ACCEPTED,649.00,0.00031,0.05372,Servidor-4,"Compra completada correctamente."
52,10052,NORMAL,"iPhone 16",2,ACCEPTED,1918.00,0.10037,0.05204,Servidor-6,"Compra completada correctamente."
51,10051,NORMAL,"Kindle",1,PAYMENT_ERROR,0.00,0.08289,0.05789,Servidor-11,"Pedido cancelado: fallo en la pasarela de pago."
53,10053,NORMAL,"Nintendo Switch",1,ACCEPTED,319.99,0.12569,0.03812,Servidor-3,"Compra completada correctamente."
143,10143,VIP,"AirPods Pro",1,ACCEPTED,249.00,0.01118,0.04102,Servidor-9,"Compra completada correctamente."
128,10128,VIP,"PlayStation 5",1,ACCEPTED,499.99,0.00800,0.05461,Servidor-1,"Compra completada correctamente."
57,10057,NORMAL,"Smart TV 55",2,ACCEPTED,1298.00,0.13438,0.01261,Servidor-6,"Compra completada correctamente."
140,10140,VIP,"AirPods Pro",1,ACCEPTED,249.00,0.00031,0.05239,Servidor-5,"Compra completada correctamente."
55,10055,NORMAL,"iPhone 16",2,ACCEPTED,1918.00,0.12027,0.03772,Servidor-8,"Compra completada correctamente."
145,10145,VIP,"Smart TV 55",2,ACCEPTED,1298.00,0.01015,0.02930,Servidor-10,"Compra completada correctamente."
54,10054,NORMAL,"iPhone 16",1,ACCEPTED,959.00,0.12805,0.04722,Servidor-7,"Compra completada correctamente."
56,10056,NORMAL,"AirPods Pro",1,ACCEPTED,249.00,0.14565,0.03461,Servidor-4,"Compra completada correctamente."
151,10151,VIP,"Smart TV 55",1,PAYMENT_ERROR,0.00,0.00275,0.04154,Servidor-12,"Pedido cancelado: fallo en la pasarela de pago."
155,10155,VIP,"PlayStation 5",1,ACCEPTED,499.99,0.00085,0.06665,Servidor-2,"Compra completada correctamente."
166,10166,VIP,"PlayStation 5",1,ACCEPTED,499.99,0.00280,0.03309,Servidor-3,"Compra completada correctamente."
157,10157,VIP,"PlayStation 5",1,ACCEPTED,499.99,0.00030,0.04408,Servidor-11,"Compra completada correctamente."
168,10168,VIP,"PlayStation 5",1,ACCEPTED,499.99,0.00699,0.03768,Servidor-9,"Compra completada correctamente."
59,10059,NORMAL,"Smart TV 55",1,ACCEPTED,649.00,0.17130,0.03359,Servidor-5,"Compra completada correctamente."
58,10058,NORMAL,"Nintendo Switch",1,ACCEPTED,319.99,0.15449,0.05069,Servidor-6,"Compra completada correctamente."
173,10173,VIP,"AirPods Pro",1,ACCEPTED,249.00,0.00290,0.05481,Servidor-1,"Compra completada correctamente."
176,10176,VIP,"PlayStation 5",1,ACCEPTED,499.99,0.00022,0.04741,Servidor-8,"Compra completada correctamente."
180,10180,VIP,"PlayStation 5",1,ACCEPTED,499.99,0.00271,0.04602,Servidor-10,"Compra completada correctamente."
60,10060,NORMAL,"Nintendo Switch",1,ACCEPTED,319.99,0.16597,0.04750,Servidor-7,"Compra completada correctamente."
63,10063,NORMAL,"Robot Aspirador",2,ACCEPTED,559.98,0.16646,0.04060,Servidor-12,"Compra completada correctamente."
65,10065,NORMAL,"iPhone 16",1,ACCEPTED,959.00,0.18594,0.04051,Servidor-2,"Compra completada correctamente."
62,10062,NORMAL,"Nintendo Switch",2,ACCEPTED,639.98,0.17067,0.05601,Servidor-4,"Compra completada correctamente."
67,10067,NORMAL,"MacBook Air",1,ACCEPTED,1199.00,0.17325,0.04448,Servidor-11,"Compra completada correctamente."
66,10066,NORMAL,"Cafetera Deluxe",1,ACCEPTED,189.99,0.16623,0.05542,Servidor-3,"Compra completada correctamente."
69,10069,NORMAL,"Smart TV 55",2,ACCEPTED,1298.00,0.17465,0.04360,Servidor-5,"Compra completada correctamente."
68,10068,NORMAL,"PlayStation 5",2,ACCEPTED,999.98,0.17354,0.05580,Servidor-9,"Compra completada correctamente."
221,10221,VIP,"Smart TV 55",2,ACCEPTED,1298.00,0.00182,0.04005,Servidor-8,"Compra completada correctamente."
222,10222,VIP,"Nintendo Switch",2,ACCEPTED,639.98,0.00548,0.02609,Servidor-4,"Compra completada correctamente."
70,10070,NORMAL,"AirPods Pro",2,PAYMENT_ERROR,0.00,0.18045,0.05447,Servidor-6,"Pedido cancelado: fallo en la pasarela de pago."
227,10227,VIP,"iPhone 16",1,ACCEPTED,959.00,0.00677,0.04294,Servidor-12,"Compra completada correctamente."
216,10216,VIP,"AirPods Pro",1,ACCEPTED,249.00,0.00192,0.04800,Servidor-7,"Compra completada correctamente."
72,10072,NORMAL,"Smart TV 55",1,ACCEPTED,649.00,0.18325,0.05457,Servidor-10,"Compra completada correctamente."
225,10225,VIP,"iPhone 16",1,ACCEPTED,959.00,0.00014,0.04308,Servidor-11,"Compra completada correctamente."
214,10214,VIP,"AirPods Pro",1,ACCEPTED,249.00,0.00026,0.06954,Servidor-1,"Compra completada correctamente."
211,10211,VIP,"Kindle",1,ACCEPTED,129.99,0.00016,0.06072,Servidor-2,"Compra completada correctamente."
73,10073,NORMAL,"PlayStation 5",1,ACCEPTED,499.99,0.21426,0.04819,Servidor-5,"Compra completada correctamente."
239,10239,VIP,"MacBook Air",1,ACCEPTED,1199.00,0.00908,0.04837,Servidor-3,"Compra completada correctamente."
231,10231,VIP,"Nintendo Switch",1,ACCEPTED,319.99,0.00718,0.04475,Servidor-9,"Compra completada correctamente."
75,10075,NORMAL,"Nintendo Switch",2,ACCEPTED,639.98,0.22014,0.04525,Servidor-8,"Compra completada correctamente."
242,10242,VIP,"PlayStation 5",1,ACCEPTED,499.99,0.00109,0.03780,Servidor-4,"Compra completada correctamente."
76,10076,NORMAL,"AirPods Pro",1,ACCEPTED,249.00,0.23060,0.03655,Servidor-6,"Compra completada correctamente."
80,10080,NORMAL,"iPhone 16",1,ACCEPTED,959.00,0.23819,0.03595,Servidor-12,"Compra completada correctamente."
82,10082,NORMAL,"PlayStation 5",2,ACCEPTED,999.98,0.23386,0.03940,Servidor-10,"Compra completada correctamente."
81,10081,NORMAL,"iPhone 16",2,ACCEPTED,1918.00,0.22543,0.05018,Servidor-7,"Compra completada correctamente."
247,10247,VIP,"MacBook Air",1,ACCEPTED,1199.00,0.00865,0.03979,Servidor-11,"Compra completada correctamente."
262,10262,VIP,"iPhone 16",1,ACCEPTED,959.00,0.00844,0.03808,Servidor-2,"Compra completada correctamente."
249,10249,VIP,"PlayStation 5",2,ACCEPTED,999.98,0.00560,0.04563,Servidor-1,"Compra completada correctamente."
84,10084,NORMAL,"Kindle",1,ACCEPTED,129.99,0.25140,0.03812,Servidor-9,"Compra completada correctamente."
255,10255,VIP,"AirPods Pro",1,ACCEPTED,249.00,0.00021,0.04773,Servidor-5,"Compra completada correctamente."
86,10086,NORMAL,"Smart TV 55",1,ACCEPTED,649.00,0.26330,0.04323,Servidor-4,"Compra completada correctamente."
83,10083,NORMAL,"MacBook Air",2,ACCEPTED,2398.00,0.26253,0.05404,Servidor-3,"Compra completada correctamente."
85,10085,NORMAL,"Nintendo Switch",1,ACCEPTED,319.99,0.24829,0.05373,Servidor-8,"Compra completada correctamente."
88,10088,NORMAL,"Smart TV 55",1,ACCEPTED,649.00,0.25803,0.05021,Servidor-12,"Compra completada correctamente."
284,10284,VIP,"Kindle",2,ACCEPTED,259.98,0.00328,0.03585,Servidor-7,"Compra completada correctamente."
87,10087,NORMAL,"PlayStation 5",1,ACCEPTED,499.99,0.24365,0.05960,Servidor-6,"Compra completada correctamente."
89,10089,NORMAL,"Nintendo Switch",2,ACCEPTED,639.98,0.27118,0.05861,Servidor-10,"Compra completada correctamente."
90,10090,NORMAL,"PlayStation 5",1,ACCEPTED,499.99,0.26834,0.04966,Servidor-11,"Compra completada correctamente."
92,10092,NORMAL,"Nintendo Switch",1,ACCEPTED,319.99,0.28324,0.04576,Servidor-1,"Compra completada correctamente."
93,10093,NORMAL,"Nintendo Switch",1,ACCEPTED,319.99,0.27911,0.03804,Servidor-5,"Compra completada correctamente."
91,10091,NORMAL,"iPhone 16",1,ACCEPTED,959.00,0.26322,0.05636,Servidor-2,"Compra completada correctamente."
289,10289,VIP,"Nintendo Switch",1,ACCEPTED,319.99,0.00366,0.05350,Servidor-9,"Compra completada correctamente."
291,10291,VIP,"Cafetera Deluxe",2,ACCEPTED,379.98,0.00052,0.05547,Servidor-4,"Compra completada correctamente."
295,10295,VIP,"Nintendo Switch",1,ACCEPTED,319.99,0.00064,0.05514,Servidor-3,"Compra completada correctamente."
310,10310,VIP,"AirPods Pro",1,ACCEPTED,249.00,0.00328,0.05075,Servidor-8,"Compra completada correctamente."
306,10306,VIP,"PlayStation 5",2,ACCEPTED,999.98,0.00032,0.05303,Servidor-12,"Compra completada correctamente."
318,10318,VIP,"Robot Aspirador",2,ACCEPTED,559.98,0.00197,0.04188,Servidor-11,"Compra completada correctamente."
329,10329,VIP,"PlayStation 5",1,ACCEPTED,499.99,0.00226,0.05665,Servidor-7,"Compra completada correctamente."
320,10320,VIP,"Nintendo Switch",1,ACCEPTED,319.99,0.00747,0.04175,Servidor-1,"Compra completada correctamente."
94,10094,NORMAL,"AirPods Pro",2,ACCEPTED,498.00,0.30576,0.05746,Servidor-6,"Compra completada correctamente."
330,10330,VIP,"AirPods Pro",1,ACCEPTED,249.00,0.00384,0.04563,Servidor-2,"Compra completada correctamente."
314,10314,VIP,"MacBook Air",1,ACCEPTED,1199.00,0.00717,0.05855,Servidor-10,"Compra completada correctamente."
321,10321,VIP,"Smart TV 55",2,ACCEPTED,1298.00,0.00414,0.05629,Servidor-5,"Compra completada correctamente."
338,10338,VIP,"iPhone 16",1,ACCEPTED,959.00,0.00220,0.04630,Servidor-9,"Compra completada correctamente."
95,10095,NORMAL,"iPhone 16",2,ACCEPTED,1918.00,0.36333,0.03590,Servidor-12,"Compra completada correctamente."
331,10331,VIP,"MacBook Air",2,ACCEPTED,2398.00,0.00341,0.04711,Servidor-4,"Compra completada correctamente."
359,10359,VIP,"PlayStation 5",1,ACCEPTED,499.99,0.01365,0.04467,Servidor-8,"Compra completada correctamente."
97,10097,NORMAL,"PlayStation 5",1,PAYMENT_ERROR,0.00,0.34588,0.03987,Servidor-7,"Pedido cancelado: fallo en la pasarela de pago."
96,10096,NORMAL,"Kindle",1,ACCEPTED,129.99,0.35193,0.04299,Servidor-11,"Compra completada correctamente."
333,10333,VIP,"Nintendo Switch",1,ACCEPTED,319.99,0.00527,0.05479,Servidor-3,"Compra completada correctamente."
99,10099,NORMAL,"iPhone 16",2,ACCEPTED,1918.00,0.35314,0.04020,Servidor-6,"Compra completada correctamente."
372,10372,VIP,"Nintendo Switch",1,ACCEPTED,319.99,0.00833,0.01822,Servidor-12,"Compra completada correctamente."
360,10360,VIP,"iPhone 16",2,ACCEPTED,1918.00,0.00387,0.03276,Servidor-2,"Compra completada correctamente."
370,10370,VIP,"PlayStation 5",2,PAYMENT_ERROR,0.00,0.00457,0.04051,Servidor-10,"Pedido cancelado: fallo en la pasarela de pago."
101,10101,NORMAL,"MacBook Air",2,ACCEPTED,2398.00,0.38527,0.03572,Servidor-9,"Compra completada correctamente."
100,10100,NORMAL,"Kindle",1,ACCEPTED,129.99,0.36987,0.04518,Servidor-5,"Compra completada correctamente."
378,10378,VIP,"MacBook Air",2,ACCEPTED,2398.00,0.00258,0.03364,Servidor-4,"Compra completada correctamente."
98,10098,NORMAL,"iPhone 16",1,ACCEPTED,959.00,0.36032,0.06717,Servidor-1,"Compra completada correctamente."
380,10380,VIP,"Kindle",1,ACCEPTED,129.99,0.00330,0.03890,Servidor-8,"Compra completada correctamente."
367,10367,VIP,"Smart TV 55",1,ACCEPTED,649.00,0.00385,0.03849,Servidor-7,"Compra completada correctamente."
103,10103,NORMAL,"Robot Aspirador",2,ACCEPTED,559.98,0.38831,0.03861,Servidor-12,"Compra completada correctamente."
401,10401,VIP,"iPhone 16",2,ACCEPTED,1918.00,0.00691,0.04417,Servidor-3,"Compra completada correctamente."
375,10375,VIP,"MacBook Air",1,ACCEPTED,1199.00,0.00105,0.04782,Servidor-11,"Compra completada correctamente."
102,10102,NORMAL,"Kindle",2,ACCEPTED,259.98,0.38676,0.04514,Servidor-6,"Compra completada correctamente."
385,10385,VIP,"Nintendo Switch",2,ACCEPTED,639.98,0.00021,0.03975,Servidor-10,"Compra completada correctamente."
406,10406,VIP,"iPhone 16",1,ACCEPTED,959.00,0.00704,0.03589,Servidor-5,"Compra completada correctamente."
105,10105,NORMAL,"AirPods Pro",2,ACCEPTED,498.00,0.39819,0.04550,Servidor-9,"Compra completada correctamente."
104,10104,NORMAL,"PlayStation 5",1,ACCEPTED,499.99,0.39416,0.05406,Servidor-2,"Compra completada correctamente."
402,10402,VIP,"Kindle",1,ACCEPTED,129.99,0.00018,0.03562,Servidor-1,"Compra completada correctamente."
114,10114,NORMAL,"iPhone 16",1,ACCEPTED,959.00,0.41377,0.02336,Servidor-3,"Compra completada correctamente."
106,10106,NORMAL,"iPhone 16",2,ACCEPTED,1918.00,0.40344,0.05116,Servidor-4,"Compra completada correctamente."
109,10109,NORMAL,"MacBook Air",1,ACCEPTED,1199.00,0.41224,0.04123,Servidor-7,"Compra completada correctamente."
111,10111,NORMAL,"PlayStation 5",2,ACCEPTED,999.98,0.42145,0.03576,Servidor-12,"Compra completada correctamente."
108,10108,NORMAL,"MacBook Air",2,ACCEPTED,2398.00,0.40404,0.05066,Servidor-8,"Compra completada correctamente."
116,10116,NORMAL,"PlayStation 5",1,ACCEPTED,499.99,0.42588,0.03261,Servidor-10,"Compra completada correctamente."
420,10420,VIP,"MacBook Air",2,ACCEPTED,2398.00,0.00135,0.03922,Servidor-11,"Compra completada correctamente."
115,10115,NORMAL,"Nintendo Switch",2,ACCEPTED,639.98,0.41553,0.04760,Servidor-6,"Compra completada correctamente."
118,10118,NORMAL,"PlayStation 5",1,ACCEPTED,499.99,0.42044,0.03732,Servidor-2,"Compra completada correctamente."
117,10117,NORMAL,"iPhone 16",1,ACCEPTED,959.00,0.42713,0.04171,Servidor-5,"Compra completada correctamente."
122,10122,NORMAL,"PlayStation 5",1,ACCEPTED,499.99,0.44131,0.03503,Servidor-4,"Compra completada correctamente."
415,10415,VIP,"AirPods Pro",1,ACCEPTED,249.00,0.00012,0.05027,Servidor-9,"Compra completada correctamente."
119,10119,NORMAL,"PlayStation 5",1,ACCEPTED,499.99,0.44429,0.04732,Servidor-1,"Compra completada correctamente."
121,10121,NORMAL,"Nintendo Switch",2,ACCEPTED,639.98,0.42622,0.04901,Servidor-3,"Compra completada correctamente."
440,10440,VIP,"Robot Aspirador",1,ACCEPTED,279.99,0.00285,0.03707,Servidor-12,"Compra completada correctamente."
126,10126,NORMAL,"MacBook Air",2,ACCEPTED,2398.00,0.44550,0.03741,Servidor-10,"Compra completada correctamente."
123,10123,NORMAL,"Cafetera Deluxe",2,ACCEPTED,379.98,0.43296,0.04982,Servidor-7,"Compra completada correctamente."
444,10444,VIP,"iPhone 16",1,ACCEPTED,959.00,0.00052,0.03999,Servidor-11,"Compra completada correctamente."
125,10125,NORMAL,"Smart TV 55",2,ACCEPTED,1298.00,0.45304,0.05163,Servidor-8,"Compra completada correctamente."
445,10445,VIP,"iPhone 16",1,ACCEPTED,959.00,0.00641,0.04362,Servidor-6,"Compra completada correctamente."
458,10458,VIP,"Nintendo Switch",1,ACCEPTED,319.99,0.00167,0.04500,Servidor-2,"Compra completada correctamente."
456,10456,VIP,"Nintendo Switch",2,ACCEPTED,639.98,0.00208,0.04283,Servidor-5,"Compra completada correctamente."
130,10130,NORMAL,"MacBook Air",2,ACCEPTED,2398.00,0.45915,0.03437,Servidor-9,"Compra completada correctamente."
135,10135,NORMAL,"PlayStation 5",2,ACCEPTED,999.98,0.46303,0.02773,Servidor-10,"Compra completada correctamente."
503,10503,VIP,"MacBook Air",1,ACCEPTED,1199.00,0.00133,0.03291,Servidor-7,"Compra completada correctamente."
127,10127,NORMAL,"PlayStation 5",2,ACCEPTED,999.98,0.45681,0.05017,Servidor-4,"Compra completada correctamente."
134,10134,NORMAL,"AirPods Pro",1,ACCEPTED,249.00,0.47020,0.04520,Servidor-12,"Compra completada correctamente."
131,10131,NORMAL,"Nintendo Switch",2,ACCEPTED,639.98,0.46832,0.05770,Servidor-1,"Compra completada correctamente."
137,10137,NORMAL,"MacBook Air",2,ACCEPTED,2398.00,0.48981,0.03434,Servidor-8,"Compra completada correctamente."
133,10133,NORMAL,"iPhone 16",1,ACCEPTED,959.00,0.45017,0.05518,Servidor-3,"Compra completada correctamente."
139,10139,NORMAL,"PlayStation 5",2,ACCEPTED,999.98,0.47320,0.03425,Servidor-5,"Compra completada correctamente."
136,10136,NORMAL,"PlayStation 5",2,ACCEPTED,999.98,0.46656,0.05279,Servidor-11,"Compra completada correctamente."
146,10146,NORMAL,"AirPods Pro",2,ACCEPTED,498.00,0.49005,0.02568,Servidor-4,"Compra completada correctamente."
138,10138,NORMAL,"MacBook Air",1,ACCEPTED,1199.00,0.48434,0.04375,Servidor-2,"Compra completada correctamente."
142,10142,NORMAL,"iPhone 16",1,ACCEPTED,959.00,0.47317,0.05115,Servidor-9,"Compra completada correctamente."
500,10500,VIP,"PlayStation 5",1,ACCEPTED,499.99,0.00069,0.04415,Servidor-10,"Compra completada correctamente."
147,10147,NORMAL,"iPhone 16",1,ACCEPTED,959.00,0.49099,0.03850,Servidor-12,"Compra completada correctamente."
515,10515,VIP,"PlayStation 5",1,ACCEPTED,499.99,0.00244,0.06172,Servidor-6,"Compra completada correctamente."
144,10144,NORMAL,"iPhone 16",1,ACCEPTED,959.00,0.48973,0.04400,Servidor-7,"Compra completada correctamente."
149,10149,NORMAL,"Smart TV 55",2,ACCEPTED,1298.00,0.51331,0.04261,Servidor-8,"Compra completada correctamente."
154,10154,NORMAL,"Nintendo Switch",1,ACCEPTED,319.99,0.49925,0.03332,Servidor-4,"Compra completada correctamente."
148,10148,NORMAL,"MacBook Air",2,ACCEPTED,2398.00,0.48402,0.05330,Servidor-1,"Compra completada correctamente."
153,10153,NORMAL,"Smart TV 55",1,ACCEPTED,649.00,0.50155,0.04121,Servidor-11,"Compra completada correctamente."
158,10158,NORMAL,"iPhone 16",2,ACCEPTED,1918.00,0.49813,0.04268,Servidor-2,"Compra completada correctamente."
150,10150,NORMAL,"Smart TV 55",1,ACCEPTED,649.00,0.49076,0.05664,Servidor-3,"Compra completada correctamente."
152,10152,NORMAL,"Smart TV 55",1,ACCEPTED,649.00,0.49472,0.05050,Servidor-5,"Compra completada correctamente."
532,10532,VIP,"AirPods Pro",1,ACCEPTED,249.00,0.00390,0.03829,Servidor-9,"Compra completada correctamente."
160,10160,NORMAL,"PlayStation 5",2,ACCEPTED,999.98,0.51035,0.03781,Servidor-12,"Compra completada correctamente."
159,10159,NORMAL,"Smart TV 55",1,ACCEPTED,649.00,0.50819,0.04736,Servidor-10,"Compra completada correctamente."
536,10536,VIP,"MacBook Air",2,ACCEPTED,2398.00,0.00285,0.04183,Servidor-7,"Compra completada correctamente."
161,10161,NORMAL,"PlayStation 5",2,ACCEPTED,999.98,0.52820,0.04848,Servidor-6,"Compra completada correctamente."
162,10162,NORMAL,"Smart TV 55",1,ACCEPTED,649.00,0.53029,0.03051,Servidor-4,"Compra completada correctamente."
542,10542,VIP,"PlayStation 5",1,ACCEPTED,499.99,0.00175,0.04074,Servidor-8,"Compra completada correctamente."
164,10164,NORMAL,"PlayStation 5",2,ACCEPTED,999.98,0.52818,0.03641,Servidor-11,"Compra completada correctamente."
163,10163,NORMAL,"Cafetera Deluxe",2,ACCEPTED,379.98,0.51644,0.04656,Servidor-1,"Compra completada correctamente."
170,10170,NORMAL,"Nintendo Switch",2,PAYMENT_ERROR,0.00,0.53294,0.03904,Servidor-9,"Pedido cancelado: fallo en la pasarela de pago."
165,10165,NORMAL,"Nintendo Switch",1,ACCEPTED,319.99,0.52955,0.04623,Servidor-2,"Compra completada correctamente."
167,10167,NORMAL,"iPhone 16",1,ACCEPTED,959.00,0.54387,0.04628,Servidor-3,"Compra completada correctamente."
169,10169,NORMAL,"MacBook Air",2,ACCEPTED,2398.00,0.51292,0.04607,Servidor-5,"Compra completada correctamente."
175,10175,NORMAL,"Robot Aspirador",1,ACCEPTED,279.99,0.52711,0.03701,Servidor-7,"Compra completada correctamente."
177,10177,NORMAL,"AirPods Pro",2,ACCEPTED,498.00,0.53351,0.03475,Servidor-6,"Compra completada correctamente."
172,10172,NORMAL,"PlayStation 5",2,ACCEPTED,999.98,0.53911,0.04690,Servidor-10,"Compra completada correctamente."
179,10179,NORMAL,"Kindle",2,ACCEPTED,259.98,0.54925,0.04092,Servidor-8,"Compra completada correctamente."
171,10171,NORMAL,"Smart TV 55",1,ACCEPTED,649.00,0.52552,0.05469,Servidor-12,"Compra completada correctamente."
178,10178,NORMAL,"MacBook Air",1,ACCEPTED,1199.00,0.53657,0.04662,Servidor-4,"Compra completada correctamente."
572,10572,VIP,"Cafetera Deluxe",1,ACCEPTED,189.99,0.00250,0.03897,Servidor-11,"Compra completada correctamente."
181,10181,NORMAL,"iPhone 16",1,ACCEPTED,959.00,0.55171,0.03188,Servidor-5,"Compra completada correctamente."
576,10576,VIP,"Cafetera Deluxe",1,ACCEPTED,189.99,0.00993,0.03418,Servidor-9,"Compra completada correctamente."
582,10582,VIP,"AirPods Pro",1,ACCEPTED,249.00,0.00348,0.04115,Servidor-2,"Compra completada correctamente."
592,10592,VIP,"PlayStation 5",1,ACCEPTED,499.99,0.00601,0.04122,Servidor-3,"Compra completada correctamente."
573,10573,VIP,"MacBook Air",1,ACCEPTED,1199.00,0.00470,0.04881,Servidor-1,"Compra completada correctamente."
183,10183,NORMAL,"PlayStation 5",2,ACCEPTED,999.98,0.56274,0.03475,Servidor-6,"Compra completada correctamente."
604,10604,VIP,"AirPods Pro",1,ACCEPTED,249.00,0.00760,0.03171,Servidor-8,"Compra completada correctamente."
589,10589,VIP,"iPhone 16",1,ACCEPTED,959.00,0.00014,0.03741,Servidor-10,"Compra completada correctamente."
182,10182,NORMAL,"AirPods Pro",1,ACCEPTED,249.00,0.56111,0.04777,Servidor-7,"Compra completada correctamente."
189,10189,NORMAL,"PlayStation 5",2,ACCEPTED,999.98,0.58798,0.01893,Servidor-1,"Compra completada correctamente."
185,10185,NORMAL,"Robot Aspirador",2,ACCEPTED,559.98,0.58728,0.04169,Servidor-11,"Compra completada correctamente."
184,10184,NORMAL,"PlayStation 5",1,ACCEPTED,499.99,0.57001,0.04757,Servidor-12,"Compra completada correctamente."
608,10608,VIP,"Nintendo Switch",1,ACCEPTED,319.99,0.00557,0.02790,Servidor-2,"Compra completada correctamente."
186,10186,NORMAL,"PlayStation 5",2,ACCEPTED,999.98,0.58113,0.04596,Servidor-5,"Compra completada correctamente."
641,10641,VIP,"Cafetera Deluxe",2,ACCEPTED,379.98,0.00040,0.03943,Servidor-3,"Compra completada correctamente."
188,10188,NORMAL,"iPhone 16",1,ACCEPTED,959.00,0.57250,0.04989,Servidor-9,"Compra completada correctamente."
596,10596,VIP,"AirPods Pro",2,ACCEPTED,498.00,0.00293,0.06949,Servidor-4,"Compra completada correctamente."
191,10191,NORMAL,"iPhone 16",2,ACCEPTED,1918.00,0.60904,0.04520,Servidor-8,"Compra completada correctamente."
190,10190,NORMAL,"PlayStation 5",2,ACCEPTED,999.98,0.58452,0.05249,Servidor-6,"Compra completada correctamente."
634,10634,VIP,"MacBook Air",1,ACCEPTED,1199.00,0.00259,0.05118,Servidor-10,"Compra completada correctamente."
193,10193,NORMAL,"MacBook Air",1,ACCEPTED,1199.00,0.59770,0.04741,Servidor-1,"Compra completada correctamente."
192,10192,NORMAL,"AirPods Pro",1,ACCEPTED,249.00,0.59068,0.05507,Servidor-7,"Compra completada correctamente."
196,10196,NORMAL,"Robot Aspirador",1,ACCEPTED,279.99,0.60633,0.04351,Servidor-2,"Compra completada correctamente."
195,10195,NORMAL,"Smart TV 55",2,ACCEPTED,1298.00,0.60335,0.04922,Servidor-12,"Compra completada correctamente."
631,10631,VIP,"AirPods Pro",1,ACCEPTED,249.00,0.00696,0.04091,Servidor-5,"Compra completada correctamente."
198,10198,NORMAL,"Smart TV 55",2,ACCEPTED,1298.00,0.61324,0.03932,Servidor-9,"Compra completada correctamente."
644,10644,VIP,"MacBook Air",2,ACCEPTED,2398.00,0.00669,0.03168,Servidor-4,"Compra completada correctamente."
194,10194,NORMAL,"PlayStation 5",2,ACCEPTED,999.98,0.58882,0.06151,Servidor-11,"Compra completada correctamente."
648,10648,VIP,"PlayStation 5",1,ACCEPTED,499.99,0.00174,0.03351,Servidor-6,"Compra completada correctamente."
197,10197,NORMAL,"AirPods Pro",2,PAYMENT_ERROR,0.00,0.63001,0.04962,Servidor-3,"Pedido cancelado: fallo en la pasarela de pago."
650,10650,VIP,"Kindle",1,ACCEPTED,129.99,0.01507,0.02921,Servidor-10,"Compra completada correctamente."
645,10645,VIP,"Nintendo Switch",1,ACCEPTED,319.99,0.00999,0.04284,Servidor-8,"Compra completada correctamente."
671,10671,VIP,"Robot Aspirador",1,ACCEPTED,279.99,0.02869,0.02983,Servidor-7,"Compra completada correctamente."
670,10670,VIP,"iPhone 16",2,PAYMENT_ERROR,0.00,0.01252,0.03786,Servidor-1,"Pedido cancelado: fallo en la pasarela de pago."
200,10200,NORMAL,"AirPods Pro",1,ACCEPTED,249.00,0.64013,0.03010,Servidor-5,"Compra completada correctamente."
199,10199,NORMAL,"iPhone 16",2,ACCEPTED,1918.00,0.64080,0.03910,Servidor-2,"Compra completada correctamente."
666,10666,VIP,"MacBook Air",1,ACCEPTED,1199.00,0.00009,0.03657,Servidor-12,"Compra completada correctamente."
202,10202,NORMAL,"AirPods Pro",2,ACCEPTED,498.00,0.65553,0.03483,Servidor-4,"Compra completada correctamente."
204,10204,NORMAL,"PlayStation 5",2,ACCEPTED,999.98,0.65100,0.03650,Servidor-11,"Compra completada correctamente."
201,10201,NORMAL,"PlayStation 5",2,ACCEPTED,999.98,0.64962,0.04298,Servidor-9,"Compra completada correctamente."
206,10206,NORMAL,"Nintendo Switch",1,ACCEPTED,319.99,0.64577,0.03596,Servidor-3,"Compra completada correctamente."
205,10205,NORMAL,"iPhone 16",2,ACCEPTED,1918.00,0.64716,0.04505,Servidor-6,"Compra completada correctamente."
208,10208,NORMAL,"iPhone 16",2,ACCEPTED,1918.00,0.66493,0.03720,Servidor-8,"Compra completada correctamente."
210,10210,NORMAL,"AirPods Pro",1,ACCEPTED,249.00,0.66442,0.03495,Servidor-1,"Compra completada correctamente."
207,10207,NORMAL,"AirPods Pro",2,ACCEPTED,498.00,0.64879,0.05032,Servidor-10,"Compra completada correctamente."
215,10215,NORMAL,"Cafetera Deluxe",2,ACCEPTED,379.98,0.67527,0.03538,Servidor-12,"Compra completada correctamente."
209,10209,NORMAL,"PlayStation 5",2,ACCEPTED,999.98,0.66625,0.05021,Servidor-7,"Compra completada correctamente."
217,10217,NORMAL,"Kindle",2,ACCEPTED,259.98,0.65828,0.03497,Servidor-4,"Compra completada correctamente."
212,10212,NORMAL,"AirPods Pro",2,ACCEPTED,498.00,0.65806,0.04364,Servidor-5,"Compra completada correctamente."
219,10219,NORMAL,"Cafetera Deluxe",1,ACCEPTED,189.99,0.66234,0.03646,Servidor-9,"Compra completada correctamente."
213,10213,NORMAL,"Kindle",1,ACCEPTED,129.99,0.65322,0.04952,Servidor-2,"Compra completada correctamente."
223,10223,NORMAL,"Cafetera Deluxe",2,ACCEPTED,379.98,0.67091,0.02846,Servidor-6,"Compra completada correctamente."
218,10218,NORMAL,"PlayStation 5",1,ACCEPTED,499.99,0.66196,0.04728,Servidor-11,"Compra completada correctamente."
220,10220,NORMAL,"Smart TV 55",2,ACCEPTED,1298.00,0.67591,0.04844,Servidor-3,"Compra completada correctamente."
229,10229,NORMAL,"Nintendo Switch",1,ACCEPTED,319.99,0.67240,0.03553,Servidor-10,"Compra completada correctamente."
224,10224,NORMAL,"AirPods Pro",1,PAYMENT_ERROR,0.00,0.66638,0.04981,Servidor-8,"Pedido cancelado: fallo en la pasarela de pago."
226,10226,NORMAL,"iPhone 16",1,ACCEPTED,959.00,0.67864,0.04505,Servidor-1,"Compra completada correctamente."
749,10749,VIP,"Kindle",2,ACCEPTED,259.98,0.00364,0.03588,Servidor-4,"Compra completada correctamente."
723,10723,VIP,"Nintendo Switch",2,ACCEPTED,639.98,0.00361,0.04108,Servidor-7,"Compra completada correctamente."
232,10232,NORMAL,"iPhone 16",2,ACCEPTED,1918.00,0.67195,0.04762,Servidor-12,"Compra completada correctamente."
236,10236,NORMAL,"Nintendo Switch",1,ACCEPTED,319.99,0.67860,0.03498,Servidor-6,"Compra completada correctamente."
233,10233,NORMAL,"iPhone 16",1,ACCEPTED,959.00,0.69914,0.04907,Servidor-5,"Compra completada correctamente."
235,10235,NORMAL,"iPhone 16",2,ACCEPTED,1918.00,0.68098,0.04064,Servidor-2,"Compra completada correctamente."
738,10738,VIP,"MacBook Air",1,ACCEPTED,1199.00,0.00013,0.03761,Servidor-3,"Compra completada correctamente."
237,10237,NORMAL,"iPhone 16",1,ACCEPTED,959.00,0.68615,0.04385,Servidor-11,"Compra completada correctamente."
234,10234,NORMAL,"MacBook Air",2,ACCEPTED,2398.00,0.67558,0.05678,Servidor-9,"Compra completada correctamente."
238,10238,NORMAL,"iPhone 16",2,ACCEPTED,1918.00,0.70693,0.03457,Servidor-1,"Compra completada correctamente."
240,10240,NORMAL,"AirPods Pro",1,ACCEPTED,249.00,0.69990,0.03277,Servidor-4,"Compra completada correctamente."
752,10752,VIP,"Nintendo Switch",1,ACCEPTED,319.99,0.00311,0.03848,Servidor-8,"Compra completada correctamente."
733,10733,VIP,"PlayStation 5",1,ACCEPTED,499.99,0.00175,0.04459,Servidor-10,"Compra completada correctamente."
759,10759,VIP,"AirPods Pro",1,ACCEPTED,249.00,0.00009,0.04006,Servidor-7,"Compra completada correctamente."
244,10244,NORMAL,"Kindle",2,ACCEPTED,259.98,0.71834,0.03234,Servidor-2,"Compra completada correctamente."
770,10770,VIP,"MacBook Air",1,PAYMENT_ERROR,0.00,0.00008,0.02926,Servidor-3,"Pedido cancelado: fallo en la pasarela de pago."
241,10241,NORMAL,"PlayStation 5",2,ACCEPTED,999.98,0.70804,0.04451,Servidor-6,"Compra completada correctamente."
758,10758,VIP,"iPhone 16",1,ACCEPTED,959.00,0.00027,0.05087,Servidor-12,"Compra completada correctamente."
243,10243,NORMAL,"MacBook Air",1,ACCEPTED,1199.00,0.70862,0.04405,Servidor-5,"Compra completada correctamente."
246,10246,NORMAL,"iPhone 16",2,ACCEPTED,1918.00,0.72414,0.03565,Servidor-9,"Compra completada correctamente."
774,10774,VIP,"iPhone 16",2,ACCEPTED,1918.00,0.00109,0.03210,Servidor-8,"Compra completada correctamente."
248,10248,NORMAL,"iPhone 16",1,ACCEPTED,959.00,0.72427,0.03546,Servidor-1,"Compra completada correctamente."
245,10245,NORMAL,"Cafetera Deluxe",1,ACCEPTED,189.99,0.73709,0.04694,Servidor-11,"Compra completada correctamente."
250,10250,NORMAL,"Kindle",1,ACCEPTED,129.99,0.73056,0.03936,Servidor-4,"Compra completada correctamente."
782,10782,VIP,"Robot Aspirador",1,ACCEPTED,279.99,0.00003,0.04642,Servidor-10,"Compra completada correctamente."
769,10769,VIP,"MacBook Air",2,ACCEPTED,2398.00,0.00611,0.04291,Servidor-7,"Compra completada correctamente."
252,10252,NORMAL,"AirPods Pro",1,ACCEPTED,249.00,0.74306,0.03378,Servidor-6,"Compra completada correctamente."
251,10251,NORMAL,"Smart TV 55",2,PAYMENT_ERROR,0.00,0.74597,0.04862,Servidor-2,"Pedido cancelado: fallo en la pasarela de pago."
775,10775,VIP,"MacBook Air",1,ACCEPTED,1199.00,0.00469,0.04187,Servidor-3,"Compra completada correctamente."
257,10257,NORMAL,"Smart TV 55",1,ACCEPTED,649.00,0.76508,0.03485,Servidor-1,"Compra completada correctamente."
254,10254,NORMAL,"AirPods Pro",2,ACCEPTED,498.00,0.74141,0.04745,Servidor-5,"Compra completada correctamente."
253,10253,NORMAL,"iPhone 16",2,ACCEPTED,1918.00,0.73186,0.05313,Servidor-12,"Compra completada correctamente."
256,10256,NORMAL,"PlayStation 5",1,ACCEPTED,499.99,0.75677,0.04624,Servidor-8,"Compra completada correctamente."
821,10821,VIP,"Robot Aspirador",1,ACCEPTED,279.99,0.00526,0.04882,Servidor-9,"Compra completada correctamente."
259,10259,NORMAL,"iPhone 16",1,ACCEPTED,959.00,0.75296,0.03829,Servidor-10,"Compra completada correctamente."
258,10258,NORMAL,"Smart TV 55",2,ACCEPTED,1298.00,0.75047,0.05179,Servidor-11,"Compra completada correctamente."
812,10812,VIP,"AirPods Pro",2,ACCEPTED,498.00,0.00368,0.03632,Servidor-7,"Compra completada correctamente."
826,10826,VIP,"MacBook Air",1,ACCEPTED,1199.00,0.00008,0.05084,Servidor-4,"Compra completada correctamente."
818,10818,VIP,"MacBook Air",1,ACCEPTED,1199.00,0.00056,0.03704,Servidor-6,"Compra completada correctamente."
261,10261,NORMAL,"iPhone 16",1,ACCEPTED,959.00,0.75876,0.03756,Servidor-3,"Compra completada correctamente."
824,10824,VIP,"AirPods Pro",2,PAYMENT_ERROR,0.00,0.00976,0.03581,Servidor-5,"Pedido cancelado: fallo en la pasarela de pago."
260,10260,NORMAL,"MacBook Air",2,ACCEPTED,2398.00,0.76905,0.04634,Servidor-2,"Compra completada correctamente."
830,10830,VIP,"Nintendo Switch",1,ACCEPTED,319.99,0.00643,0.03502,Servidor-12,"Compra completada correctamente."
817,10817,VIP,"Cafetera Deluxe",1,ACCEPTED,189.99,0.00426,0.04343,Servidor-1,"Compra completada correctamente."
265,10265,NORMAL,"Nintendo Switch",1,ACCEPTED,319.99,0.77951,0.03958,Servidor-9,"Compra completada correctamente."
264,10264,NORMAL,"AirPods Pro",2,ACCEPTED,498.00,0.78387,0.04244,Servidor-8,"Compra completada correctamente."
269,10269,NORMAL,"AirPods Pro",1,ACCEPTED,249.00,0.81116,0.03548,Servidor-4,"Compra completada correctamente."
266,10266,NORMAL,"Smart TV 55",1,ACCEPTED,649.00,0.78359,0.04514,Servidor-10,"Compra completada correctamente."
267,10267,NORMAL,"iPhone 16",2,ACCEPTED,1918.00,0.78117,0.04457,Servidor-11,"Compra completada correctamente."
268,10268,NORMAL,"Smart TV 55",1,ACCEPTED,649.00,0.79080,0.04485,Servidor-7,"Compra completada correctamente."
841,10841,VIP,"PlayStation 5",1,ACCEPTED,499.99,0.00025,0.04553,Servidor-6,"Compra completada correctamente."
868,10868,VIP,"Nintendo Switch",2,ACCEPTED,639.98,0.00386,0.04387,Servidor-3,"Compra completada correctamente."
275,10275,NORMAL,"PlayStation 5",2,ACCEPTED,999.98,0.84581,0.01954,Servidor-10,"Compra completada correctamente."
887,10887,VIP,"Smart TV 55",2,ACCEPTED,1298.00,0.00035,0.04086,Servidor-12,"Compra completada correctamente."
866,10866,VIP,"AirPods Pro",1,ACCEPTED,249.00,0.00009,0.04302,Servidor-1,"Compra completada correctamente."
270,10270,NORMAL,"PlayStation 5",1,PAYMENT_ERROR,0.00,0.79830,0.05043,Servidor-5,"Pedido cancelado: fallo en la pasarela de pago."
880,10880,VIP,"Cafetera Deluxe",1,ACCEPTED,189.99,0.00278,0.04892,Servidor-9,"Compra completada correctamente."
273,10273,NORMAL,"iPhone 16",2,ACCEPTED,1918.00,0.80750,0.04624,Servidor-8,"Compra completada correctamente."
271,10271,NORMAL,"Nintendo Switch",1,ACCEPTED,319.99,0.79945,0.06172,Servidor-2,"Compra completada correctamente."
877,10877,VIP,"Nintendo Switch",1,ACCEPTED,319.99,0.00009,0.03677,Servidor-3,"Compra completada correctamente."
274,10274,NORMAL,"MacBook Air",2,ACCEPTED,2398.00,0.81263,0.05723,Servidor-4,"Compra completada correctamente."
276,10276,NORMAL,"MacBook Air",1,ACCEPTED,1199.00,0.80974,0.05260,Servidor-11,"Compra completada correctamente."
277,10277,NORMAL,"iPhone 16",2,ACCEPTED,1918.00,0.82153,0.05085,Servidor-6,"Compra completada correctamente."
278,10278,NORMAL,"AirPods Pro",2,ACCEPTED,498.00,0.83235,0.03752,Servidor-10,"Compra completada correctamente."
909,10909,VIP,"iPhone 16",1,ACCEPTED,959.00,0.00210,0.00896,Servidor-3,"Compra completada correctamente."
878,10878,VIP,"Robot Aspirador",1,ACCEPTED,279.99,0.00020,0.05915,Servidor-7,"Compra completada correctamente."
280,10280,NORMAL,"iPhone 16",1,ACCEPTED,959.00,0.83898,0.04104,Servidor-1,"Compra completada correctamente."
282,10282,NORMAL,"iPhone 16",1,ACCEPTED,959.00,0.84116,0.03467,Servidor-8,"Compra completada correctamente."
281,10281,NORMAL,"AirPods Pro",1,ACCEPTED,249.00,0.86231,0.05280,Servidor-5,"Compra completada correctamente."
916,10916,VIP,"iPhone 16",1,ACCEPTED,959.00,0.00499,0.04338,Servidor-9,"Compra completada correctamente."
285,10285,NORMAL,"AirPods Pro",2,ACCEPTED,498.00,0.85052,0.02698,Servidor-11,"Compra completada correctamente."
279,10279,NORMAL,"iPhone 16",1,ACCEPTED,959.00,0.82843,0.06342,Servidor-12,"Compra completada correctamente."
294,10294,NORMAL,"iPhone 16",1,NO_STOCK,0.00,0.87554,0.00002,Servidor-12,"Pedido rechazado: stock insuficiente."
286,10286,NORMAL,"PlayStation 5",1,ACCEPTED,499.99,0.86742,0.03687,Servidor-6,"Compra completada correctamente."
935,10935,VIP,"iPhone 16",1,ACCEPTED,959.00,0.00388,0.04351,Servidor-4,"Compra completada correctamente."
298,10298,NORMAL,"iPhone 16",2,NO_STOCK,0.00,0.88983,0.00001,Servidor-4,"Pedido rechazado: stock insuficiente."
288,10288,NORMAL,"iPhone 16",1,ACCEPTED,959.00,0.85544,0.03911,Servidor-3,"Compra completada correctamente."
283,10283,NORMAL,"Cafetera Deluxe",1,ACCEPTED,189.99,0.84388,0.06395,Servidor-2,"Compra completada correctamente."
297,10297,NORMAL,"PlayStation 5",1,PAYMENT_ERROR,0.00,0.87354,0.00973,Servidor-6,"Pedido cancelado: fallo en la pasarela de pago."
290,10290,NORMAL,"AirPods Pro",1,ACCEPTED,249.00,0.86331,0.04579,Servidor-7,"Compra completada correctamente."
287,10287,NORMAL,"AirPods Pro",1,ACCEPTED,249.00,0.88225,0.05050,Servidor-10,"Compra completada correctamente."
292,10292,NORMAL,"Robot Aspirador",1,ACCEPTED,279.99,0.86861,0.04599,Servidor-1,"Compra completada correctamente."
301,10301,NORMAL,"PlayStation 5",2,ACCEPTED,999.98,0.87748,0.01216,Servidor-2,"Compra completada correctamente."
299,10299,NORMAL,"AirPods Pro",1,ACCEPTED,249.00,0.90370,0.02420,Servidor-4,"Compra completada correctamente."
959,10959,VIP,"Nintendo Switch",1,ACCEPTED,319.99,0.00136,0.03735,Servidor-11,"Compra completada correctamente."
933,10933,VIP,"Nintendo Switch",1,ACCEPTED,319.99,0.00412,0.04418,Servidor-5,"Compra completada correctamente."
296,10296,NORMAL,"Smart TV 55",1,ACCEPTED,649.00,0.87901,0.04066,Servidor-12,"Compra completada correctamente."
300,10300,NORMAL,"Nintendo Switch",2,ACCEPTED,639.98,0.87839,0.03961,Servidor-3,"Compra completada correctamente."
304,10304,NORMAL,"Kindle",2,ACCEPTED,259.98,0.89662,0.02557,Servidor-1,"Compra completada correctamente."
957,10957,VIP,"MacBook Air",2,ACCEPTED,2398.00,0.00103,0.02879,Servidor-7,"Compra completada correctamente."
989,10989,VIP,"iPhone 16",1,NO_STOCK,0.00,0.00399,0.00000,Servidor-7,"Pedido rechazado: stock insuficiente."
302,10302,NORMAL,"AirPods Pro",2,ACCEPTED,498.00,0.88915,0.04102,Servidor-6,"Compra completada correctamente."
947,10947,VIP,"Smart TV 55",1,ACCEPTED,649.00,0.00855,0.06720,Servidor-9,"Compra completada correctamente."
303,10303,NORMAL,"PlayStation 5",1,ACCEPTED,499.99,0.88249,0.04028,Servidor-10,"Compra completada correctamente."
305,10305,NORMAL,"AirPods Pro",1,ACCEPTED,249.00,0.91817,0.03534,Servidor-2,"Compra completada correctamente."
307,10307,NORMAL,"AirPods Pro",2,ACCEPTED,498.00,0.88974,0.03914,Servidor-4,"Compra completada correctamente."
309,10309,NORMAL,"Nintendo Switch",1,ACCEPTED,319.99,0.89423,0.03810,Servidor-12,"Compra completada correctamente."
317,10317,NORMAL,"iPhone 16",1,NO_STOCK,0.00,0.95444,0.00001,Servidor-12,"Pedido rechazado: stock insuficiente."
293,10293,NORMAL,"AirPods Pro",2,ACCEPTED,498.00,0.88464,0.09200,Servidor-8,"Compra completada correctamente."
308,10308,NORMAL,"PlayStation 5",2,ACCEPTED,999.98,0.89422,0.05013,Servidor-11,"Compra completada correctamente."
323,10323,NORMAL,"iPhone 16",1,NO_STOCK,0.00,0.95156,0.00001,Servidor-11,"Pedido rechazado: stock insuficiente."
961,10961,VIP,"PlayStation 5",1,ACCEPTED,499.99,0.00540,0.03355,Servidor-3,"Compra completada correctamente."
983,10983,VIP,"Robot Aspirador",1,ACCEPTED,279.99,0.00374,0.04886,Servidor-5,"Compra completada correctamente."
982,10982,VIP,"Kindle",2,ACCEPTED,259.98,0.00575,0.04025,Servidor-1,"Compra completada correctamente."
980,10980,VIP,"Nintendo Switch",2,ACCEPTED,639.98,0.00695,0.03398,Servidor-9,"Compra completada correctamente."
1018,11018,VIP,"iPhone 16",1,NO_STOCK,0.00,0.00246,0.00000,Servidor-9,"Pedido rechazado: stock insuficiente."
967,10967,VIP,"PlayStation 5",1,ACCEPTED,499.99,0.00602,0.04180,Servidor-6,"Compra completada correctamente."
312,10312,NORMAL,"Cafetera Deluxe",2,ACCEPTED,379.98,0.89484,0.05543,Servidor-7,"Compra completada correctamente."
313,10313,NORMAL,"Nintendo Switch",2,ACCEPTED,639.98,0.91196,0.04497,Servidor-10,"Compra completada correctamente."
325,10325,NORMAL,"PlayStation 5",1,ACCEPTED,499.99,0.91279,0.02563,Servidor-3,"Compra completada correctamente."
322,10322,NORMAL,"Nintendo Switch",2,ACCEPTED,639.98,0.92009,0.03813,Servidor-8,"Compra completada correctamente."
324,10324,NORMAL,"MacBook Air",2,PAYMENT_ERROR,0.00,0.92074,0.03448,Servidor-11,"Pedido cancelado: fallo en la pasarela de pago."
319,10319,NORMAL,"PlayStation 5",1,ACCEPTED,499.99,0.91813,0.04031,Servidor-12,"Compra completada correctamente."
1037,11037,VIP,"iPhone 16",1,NO_STOCK,0.00,0.00526,0.00000,Servidor-12,"Pedido rechazado: stock insuficiente."
316,10316,NORMAL,"Nintendo Switch",1,ACCEPTED,319.99,0.91808,0.05214,Servidor-4,"Compra completada correctamente."
1026,11026,VIP,"iPhone 16",1,NO_STOCK,0.00,0.00012,0.00000,Servidor-4,"Pedido rechazado: stock insuficiente."
326,10326,NORMAL,"AirPods Pro",1,ACCEPTED,249.00,0.92505,0.04320,Servidor-5,"Compra completada correctamente."
335,10335,NORMAL,"Cafetera Deluxe",2,ACCEPTED,379.98,0.95142,0.02786,Servidor-10,"Compra completada correctamente."
327,10327,NORMAL,"Nintendo Switch",2,ACCEPTED,639.98,0.91833,0.05218,Servidor-1,"Compra completada correctamente."
332,10332,NORMAL,"Smart TV 55",1,ACCEPTED,649.00,0.93890,0.03983,Servidor-7,"Compra completada correctamente."
1017,11017,VIP,"PlayStation 5",1,ACCEPTED,499.99,0.00012,0.04523,Servidor-6,"Compra completada correctamente."
1047,11047,VIP,"iPhone 16",2,NO_STOCK,0.00,0.00354,0.00001,Servidor-6,"Pedido rechazado: stock insuficiente."
1008,11008,VIP,"Smart TV 55",1,ACCEPTED,649.00,0.00672,0.03001,Servidor-8,"Compra completada correctamente."
315,10315,NORMAL,"MacBook Air",1,ACCEPTED,1199.00,0.91028,0.08882,Servidor-2,"Compra completada correctamente."
328,10328,NORMAL,"Smart TV 55",2,ACCEPTED,1298.00,0.93279,0.06314,Servidor-9,"Compra completada correctamente."
1067,11067,VIP,"iPhone 16",1,NO_STOCK,0.00,0.00191,0.00000,Servidor-9,"Pedido rechazado: stock insuficiente."
339,10339,NORMAL,"Kindle",2,ACCEPTED,259.98,0.93561,0.03609,Servidor-4,"Compra completada correctamente."
336,10336,NORMAL,"Smart TV 55",1,ACCEPTED,649.00,0.93227,0.05141,Servidor-3,"Compra completada correctamente."
346,10346,NORMAL,"iPhone 16",1,NO_STOCK,0.00,0.97246,0.00001,Servidor-3,"Pedido rechazado: stock insuficiente."
1023,11023,VIP,"PlayStation 5",1,ACCEPTED,499.99,0.00562,0.05442,Servidor-11,"Compra completada correctamente."
337,10337,NORMAL,"Smart TV 55",1,ACCEPTED,649.00,0.91877,0.05716,Servidor-12,"Compra completada correctamente."
340,10340,NORMAL,"AirPods Pro",2,ACCEPTED,498.00,0.95741,0.04344,Servidor-10,"Compra completada correctamente."
1038,11038,VIP,"AirPods Pro",1,ACCEPTED,249.00,0.00016,0.03790,Servidor-1,"Compra completada correctamente."
341,10341,NORMAL,"Robot Aspirador",1,ACCEPTED,279.99,0.98651,0.03785,Servidor-6,"Compra completada correctamente."
1029,11029,VIP,"MacBook Air",1,ACCEPTED,1199.00,0.00273,0.05777,Servidor-5,"Compra completada correctamente."
1040,11040,VIP,"Nintendo Switch",1,ACCEPTED,319.99,0.00151,0.05121,Servidor-7,"Compra completada correctamente."
345,10345,NORMAL,"Kindle",1,ACCEPTED,129.99,0.96661,0.03712,Servidor-4,"Compra completada correctamente."
354,10354,NORMAL,"iPhone 16",2,NO_STOCK,0.00,0.98638,0.00000,Servidor-4,"Pedido rechazado: stock insuficiente."
342,10342,NORMAL,"Nintendo Switch",1,ACCEPTED,319.99,0.95870,0.05388,Servidor-8,"Compra completada correctamente."
1090,11090,VIP,"iPhone 16",1,NO_STOCK,0.00,0.00279,0.00001,Servidor-8,"Pedido rechazado: stock insuficiente."
348,10348,NORMAL,"Nintendo Switch",1,ACCEPTED,319.99,0.97899,0.02795,Servidor-10,"Compra completada correctamente."
344,10344,NORMAL,"MacBook Air",2,ACCEPTED,2398.00,0.97401,0.04827,Servidor-9,"Compra completada correctamente."
1056,11056,VIP,"AirPods Pro",1,ACCEPTED,249.00,0.00310,0.03440,Servidor-12,"Compra completada correctamente."
358,10358,NORMAL,"iPhone 16",1,NO_STOCK,0.00,1.00531,0.00001,Servidor-12,"Pedido rechazado: stock insuficiente."
347,10347,NORMAL,"AirPods Pro",2,ACCEPTED,498.00,0.99560,0.04932,Servidor-3,"Compra completada correctamente."
343,10343,NORMAL,"PlayStation 5",1,ACCEPTED,499.99,0.94820,0.06551,Servidor-2,"Compra completada correctamente."
349,10349,NORMAL,"Nintendo Switch",2,ACCEPTED,639.98,0.97135,0.03995,Servidor-1,"Compra completada correctamente."
1050,11050,VIP,"MacBook Air",1,ACCEPTED,1199.00,0.00440,0.05207,Servidor-11,"Compra completada correctamente."
353,10353,NORMAL,"Robot Aspirador",2,ACCEPTED,559.98,1.02505,0.03631,Servidor-7,"Compra completada correctamente."
350,10350,NORMAL,"AirPods Pro",2,ACCEPTED,498.00,0.98758,0.05190,Servidor-6,"Compra completada correctamente."
1098,11098,VIP,"iPhone 16",1,NO_STOCK,0.00,0.00052,0.00001,Servidor-6,"Pedido rechazado: stock insuficiente."
352,10352,NORMAL,"AirPods Pro",1,ACCEPTED,249.00,0.98517,0.05075,Servidor-5,"Compra completada correctamente."
355,10355,NORMAL,"Smart TV 55",1,ACCEPTED,649.00,0.97959,0.04116,Servidor-4,"Compra completada correctamente."
366,10366,NORMAL,"iPhone 16",1,NO_STOCK,0.00,1.02018,0.00001,Servidor-4,"Pedido rechazado: stock insuficiente."
362,10362,NORMAL,"Kindle",1,ACCEPTED,129.99,0.99641,0.03754,Servidor-3,"Compra completada correctamente."
1103,11103,VIP,"PlayStation 5",1,ACCEPTED,499.99,0.00291,0.04798,Servidor-8,"Compra completada correctamente."
357,10357,NORMAL,"AirPods Pro",1,ACCEPTED,249.00,1.00001,0.04616,Servidor-9,"Compra completada correctamente."
373,10373,NORMAL,"iPhone 16",2,NO_STOCK,0.00,1.00206,0.00000,Servidor-9,"Pedido rechazado: stock insuficiente."
361,10361,NORMAL,"Nintendo Switch",1,ACCEPTED,319.99,0.98268,0.04884,Servidor-12,"Compra completada correctamente."
1100,11100,VIP,"Smart TV 55",1,ACCEPTED,649.00,0.00316,0.03804,Servidor-1,"Compra completada correctamente."
356,10356,NORMAL,"Nintendo Switch",2,ACCEPTED,639.98,0.99621,0.05444,Servidor-10,"Compra completada correctamente."
1108,11108,VIP,"MacBook Air",1,ACCEPTED,1199.00,0.00490,0.04646,Servidor-2,"Compra completada correctamente."
381,10381,NORMAL,"iPhone 16",1,NO_STOCK,0.00,1.01659,0.00000,Servidor-2,"Pedido rechazado: stock insuficiente."
1127,11127,VIP,"Smart TV 55",1,ACCEPTED,649.00,0.00014,0.04314,Servidor-11,"Compra completada correctamente."
364,10364,NORMAL,"AirPods Pro",1,ACCEPTED,249.00,1.02773,0.03373,Servidor-6,"Compra completada correctamente."
368,10368,NORMAL,"Nintendo Switch",2,ACCEPTED,639.98,1.01876,0.03568,Servidor-4,"Compra completada correctamente."
363,10363,NORMAL,"Robot Aspirador",1,ACCEPTED,279.99,1.01555,0.04757,Servidor-7,"Compra completada correctamente."
365,10365,NORMAL,"Kindle",2,ACCEPTED,259.98,1.04765,0.04588,Servidor-5,"Compra completada correctamente."
374,10374,NORMAL,"PlayStation 5",2,ACCEPTED,999.98,1.02663,0.03667,Servidor-9,"Compra completada correctamente."
369,10369,NORMAL,"Robot Aspirador",1,ACCEPTED,279.99,1.01765,0.04507,Servidor-3,"Compra completada correctamente."
371,10371,NORMAL,"Robot Aspirador",1,ACCEPTED,279.99,1.04612,0.04742,Servidor-8,"Compra completada correctamente."
376,10376,NORMAL,"AirPods Pro",1,ACCEPTED,249.00,1.03766,0.04246,Servidor-1,"Compra completada correctamente."
392,10392,NORMAL,"iPhone 16",1,NO_STOCK,0.00,1.04429,0.00003,Servidor-1,"Pedido rechazado: stock insuficiente."
383,10383,NORMAL,"Robot Aspirador",2,ACCEPTED,559.98,1.04991,0.03650,Servidor-11,"Compra completada correctamente."
1168,11168,VIP,"iPhone 16",1,NO_STOCK,0.00,0.00009,0.00000,Servidor-11,"Pedido rechazado: stock insuficiente."
1145,11145,VIP,"Smart TV 55",1,ACCEPTED,649.00,0.00449,0.04835,Servidor-12,"Compra completada correctamente."
382,10382,NORMAL,"Nintendo Switch",2,ACCEPTED,639.98,1.03388,0.04979,Servidor-2,"Compra completada correctamente."
377,10377,NORMAL,"AirPods Pro",2,ACCEPTED,498.00,1.04708,0.05784,Servidor-10,"Compra completada correctamente."
384,10384,NORMAL,"Robot Aspirador",1,ACCEPTED,279.99,1.02755,0.05273,Servidor-6,"Compra completada correctamente."
386,10386,NORMAL,"Kindle",1,ACCEPTED,129.99,1.02909,0.05352,Servidor-4,"Compra completada correctamente."
389,10389,NORMAL,"Kindle",2,ACCEPTED,259.98,1.06734,0.04182,Servidor-9,"Compra completada correctamente."
394,10394,NORMAL,"PlayStation 5",1,ACCEPTED,499.99,1.05029,0.03073,Servidor-11,"Compra completada correctamente."
388,10388,NORMAL,"AirPods Pro",1,ACCEPTED,249.00,1.04300,0.05426,Servidor-5,"Compra completada correctamente."
391,10391,NORMAL,"AirPods Pro",1,ACCEPTED,249.00,1.03052,0.04651,Servidor-8,"Compra completada correctamente."
405,10405,NORMAL,"iPhone 16",2,NO_STOCK,0.00,1.06521,0.00001,Servidor-8,"Pedido rechazado: stock insuficiente."
387,10387,NORMAL,"Smart TV 55",2,ACCEPTED,1298.00,1.02859,0.06664,Servidor-7,"Compra completada correctamente."
393,10393,NORMAL,"Nintendo Switch",1,ACCEPTED,319.99,1.04245,0.04642,Servidor-1,"Compra completada correctamente."
390,10390,NORMAL,"Nintendo Switch",1,ACCEPTED,319.99,1.03892,0.05511,Servidor-3,"Compra completada correctamente."
395,10395,NORMAL,"PlayStation 5",1,ACCEPTED,499.99,1.07705,0.04613,Servidor-12,"Compra completada correctamente."
400,10400,NORMAL,"Smart TV 55",2,ACCEPTED,1298.00,1.07536,0.02843,Servidor-9,"Compra completada correctamente."
397,10397,NORMAL,"MacBook Air",1,PAYMENT_ERROR,0.00,1.04708,0.04719,Servidor-10,"Pedido cancelado: fallo en la pasarela de pago."
399,10399,NORMAL,"Robot Aspirador",1,ACCEPTED,279.99,1.06032,0.04015,Servidor-4,"Compra completada correctamente."
396,10396,NORMAL,"PlayStation 5",1,ACCEPTED,499.99,1.04567,0.05649,Servidor-2,"Compra completada correctamente."
416,10416,NORMAL,"iPhone 16",2,NO_STOCK,0.00,1.08146,0.00000,Servidor-2,"Pedido rechazado: stock insuficiente."
398,10398,NORMAL,"PlayStation 5",2,ACCEPTED,999.98,1.05055,0.05473,Servidor-6,"Compra completada correctamente."
404,10404,NORMAL,"PlayStation 5",1,ACCEPTED,499.99,1.06206,0.03922,Servidor-5,"Compra completada correctamente."
419,10419,NORMAL,"iPhone 16",1,NO_STOCK,0.00,1.11460,0.00000,Servidor-5,"Pedido rechazado: stock insuficiente."
403,10403,NORMAL,"Kindle",2,ACCEPTED,259.98,1.05447,0.04505,Servidor-11,"Compra completada correctamente."
408,10408,NORMAL,"Nintendo Switch",2,ACCEPTED,639.98,1.07154,0.03553,Servidor-7,"Compra completada correctamente."
410,10410,NORMAL,"PlayStation 5",1,ACCEPTED,499.99,1.06711,0.04096,Servidor-3,"Compra completada correctamente."
407,10407,NORMAL,"AirPods Pro",2,ACCEPTED,498.00,1.09464,0.04923,Servidor-8,"Compra completada correctamente."
425,10425,NORMAL,"iPhone 16",1,NO_STOCK,0.00,1.12422,0.00001,Servidor-8,"Pedido rechazado: stock insuficiente."
412,10412,NORMAL,"Kindle",2,ACCEPTED,259.98,1.09322,0.03837,Servidor-9,"Compra completada correctamente."
409,10409,NORMAL,"Nintendo Switch",1,ACCEPTED,319.99,1.05600,0.05509,Servidor-1,"Compra completada correctamente."
428,10428,NORMAL,"iPhone 16",1,NO_STOCK,0.00,1.09484,0.00001,Servidor-1,"Pedido rechazado: stock insuficiente."
411,10411,NORMAL,"MacBook Air",1,ACCEPTED,1199.00,1.06416,0.05190,Servidor-12,"Compra completada correctamente."
414,10414,NORMAL,"Smart TV 55",1,ACCEPTED,649.00,1.08496,0.03995,Servidor-4,"Compra completada correctamente."
421,10421,NORMAL,"MacBook Air",1,ACCEPTED,1199.00,1.07000,0.03695,Servidor-5,"Compra completada correctamente."
432,10432,NORMAL,"MacBook Air",1,NO_STOCK,0.00,1.10021,0.00001,Servidor-5,"Pedido rechazado: stock insuficiente."
413,10413,NORMAL,"PlayStation 5",1,ACCEPTED,499.99,1.10589,0.05048,Servidor-10,"Compra completada correctamente."
418,10418,NORMAL,"PlayStation 5",1,ACCEPTED,499.99,1.10127,0.04248,Servidor-6,"Compra completada correctamente."
423,10423,NORMAL,"Kindle",1,ACCEPTED,129.99,1.07585,0.03915,Servidor-7,"Compra completada correctamente."
436,10436,NORMAL,"iPhone 16",1,NO_STOCK,0.00,1.11177,0.00001,Servidor-7,"Pedido rechazado: stock insuficiente."
437,10437,NORMAL,"MacBook Air",1,NO_STOCK,0.00,1.14195,0.00000,Servidor-7,"Pedido rechazado: stock insuficiente."
417,10417,NORMAL,"Robot Aspirador",2,ACCEPTED,559.98,1.06686,0.05456,Servidor-2,"Compra completada correctamente."
422,10422,NORMAL,"AirPods Pro",2,ACCEPTED,498.00,1.08212,0.04518,Servidor-11,"Compra completada correctamente."
427,10427,NORMAL,"PlayStation 5",1,ACCEPTED,499.99,1.08718,0.03409,Servidor-9,"Compra completada correctamente."
429,10429,NORMAL,"AirPods Pro",2,ACCEPTED,498.00,1.09018,0.03318,Servidor-1,"Compra completada correctamente."
443,10443,NORMAL,"MacBook Air",2,NO_STOCK,0.00,1.14699,0.00000,Servidor-1,"Pedido rechazado: stock insuficiente."
424,10424,NORMAL,"MacBook Air",2,PAYMENT_ERROR,0.00,1.10265,0.04725,Servidor-3,"Pedido cancelado: fallo en la pasarela de pago."
426,10426,NORMAL,"Kindle",1,ACCEPTED,129.99,1.09032,0.04965,Servidor-8,"Compra completada correctamente."
448,10448,NORMAL,"MacBook Air",2,NO_STOCK,0.00,1.12244,0.00000,Servidor-8,"Pedido rechazado: stock insuficiente."
449,10449,NORMAL,"iPhone 16",1,NO_STOCK,0.00,1.14241,0.00000,Servidor-8,"Pedido rechazado: stock insuficiente."
450,10450,NORMAL,"iPhone 16",2,NO_STOCK,0.00,1.10375,0.00000,Servidor-8,"Pedido rechazado: stock insuficiente."
451,10451,NORMAL,"MacBook Air",2,NO_STOCK,0.00,1.09484,0.00000,Servidor-8,"Pedido rechazado: stock insuficiente."
431,10431,NORMAL,"PlayStation 5",2,ACCEPTED,999.98,1.13427,0.03965,Servidor-4,"Compra completada correctamente."
433,10433,NORMAL,"Smart TV 55",1,ACCEPTED,649.00,1.09693,0.03684,Servidor-5,"Compra completada correctamente."
454,10454,NORMAL,"iPhone 16",1,NO_STOCK,0.00,1.12660,0.00000,Servidor-5,"Pedido rechazado: stock insuficiente."
438,10438,NORMAL,"Cafetera Deluxe",2,ACCEPTED,379.98,1.09504,0.02946,Servidor-7,"Compra completada correctamente."
435,10435,NORMAL,"AirPods Pro",1,ACCEPTED,249.00,1.10011,0.03822,Servidor-6,"Compra completada correctamente."
434,10434,NORMAL,"Cafetera Deluxe",2,ACCEPTED,379.98,1.09702,0.04650,Servidor-10,"Compra completada correctamente."
442,10442,NORMAL,"Smart TV 55",1,ACCEPTED,649.00,1.11914,0.03333,Servidor-9,"Compra completada correctamente."
461,10461,NORMAL,"MacBook Air",2,NO_STOCK,0.00,1.15261,0.00000,Servidor-9,"Pedido rechazado: stock insuficiente."
439,10439,NORMAL,"AirPods Pro",1,ACCEPTED,249.00,1.10006,0.04431,Servidor-2,"Compra completada correctamente."
463,10463,NORMAL,"iPhone 16",2,NO_STOCK,0.00,1.10537,0.00000,Servidor-2,"Pedido rechazado: stock insuficiente."
430,10430,NORMAL,"AirPods Pro",2,ACCEPTED,498.00,1.10733,0.06686,Servidor-12,"Compra completada correctamente."
465,10465,NORMAL,"MacBook Air",2,NO_STOCK,0.00,1.10611,0.00000,Servidor-12,"Pedido rechazado: stock insuficiente."
441,10441,NORMAL,"AirPods Pro",1,ACCEPTED,249.00,1.09807,0.04677,Servidor-11,"Compra completada correctamente."
446,10446,NORMAL,"Nintendo Switch",2,ACCEPTED,639.98,1.10940,0.03866,Servidor-1,"Compra completada correctamente."
452,10452,NORMAL,"AirPods Pro",1,ACCEPTED,249.00,1.10910,0.04207,Servidor-8,"Compra completada correctamente."
470,10470,NORMAL,"MacBook Air",2,NO_STOCK,0.00,1.12241,0.00001,Servidor-8,"Pedido rechazado: stock insuficiente."
447,10447,NORMAL,"MacBook Air",1,ACCEPTED,1199.00,1.09874,0.04994,Servidor-3,"Compra completada correctamente."
472,10472,NORMAL,"MacBook Air",2,NO_STOCK,0.00,1.13177,0.00001,Servidor-3,"Pedido rechazado: stock insuficiente."
473,10473,NORMAL,"iPhone 16",1,NO_STOCK,0.00,1.16128,0.00000,Servidor-3,"Pedido rechazado: stock insuficiente."
453,10453,NORMAL,"AirPods Pro",1,ACCEPTED,249.00,1.09825,0.04855,Servidor-4,"Compra completada correctamente."
455,10455,NORMAL,"AirPods Pro",1,ACCEPTED,249.00,1.14034,0.04495,Servidor-5,"Compra completada correctamente."
457,10457,NORMAL,"Robot Aspirador",2,ACCEPTED,559.98,1.09129,0.05081,Servidor-7,"Compra completada correctamente."
478,10478,NORMAL,"iPhone 16",2,NO_STOCK,0.00,1.13587,0.00001,Servidor-7,"Pedido rechazado: stock insuficiente."
460,10460,NORMAL,"AirPods Pro",2,ACCEPTED,498.00,1.13110,0.04253,Servidor-10,"Compra completada correctamente."
459,10459,NORMAL,"Nintendo Switch",2,ACCEPTED,639.98,1.09618,0.05454,Servidor-6,"Compra completada correctamente."
462,10462,NORMAL,"Robot Aspirador",2,ACCEPTED,559.98,1.11433,0.04855,Servidor-9,"Compra completada correctamente."
467,10467,NORMAL,"Robot Aspirador",1,ACCEPTED,279.99,1.15361,0.04336,Servidor-11,"Compra completada correctamente."
464,10464,NORMAL,"PlayStation 5",2,ACCEPTED,999.98,1.12013,0.04871,Servidor-2,"Compra completada correctamente."
469,10469,NORMAL,"Robot Aspirador",1,ACCEPTED,279.99,1.10617,0.05050,Servidor-1,"Compra completada correctamente."
466,10466,NORMAL,"PlayStation 5",2,ACCEPTED,999.98,1.13010,0.05333,Servidor-12,"Compra completada correctamente."
486,10486,NORMAL,"iPhone 16",2,NO_STOCK,0.00,1.13169,0.00000,Servidor-12,"Pedido rechazado: stock insuficiente."
471,10471,NORMAL,"Smart TV 55",1,ACCEPTED,649.00,1.11154,0.04493,Servidor-8,"Compra completada correctamente."
477,10477,NORMAL,"Smart TV 55",2,ACCEPTED,1298.00,1.11703,0.03858,Servidor-5,"Compra completada correctamente."
475,10475,NORMAL,"AirPods Pro",2,ACCEPTED,498.00,1.12146,0.04576,Servidor-4,"Compra completada correctamente."
490,10490,NORMAL,"MacBook Air",1,NO_STOCK,0.00,1.16579,0.00001,Servidor-4,"Pedido rechazado: stock insuficiente."
474,10474,NORMAL,"AirPods Pro",1,ACCEPTED,249.00,1.11162,0.05583,Servidor-3,"Compra completada correctamente."
492,10492,NORMAL,"iPhone 16",1,NO_STOCK,0.00,1.14278,0.00000,Servidor-3,"Pedido rechazado: stock insuficiente."
479,10479,NORMAL,"MacBook Air",1,ACCEPTED,1199.00,1.17084,0.04094,Servidor-7,"Compra completada correctamente."
482,10482,NORMAL,"PlayStation 5",2,ACCEPTED,999.98,1.13773,0.03457,Servidor-9,"Compra completada correctamente."
481,10481,NORMAL,"PlayStation 5",2,ACCEPTED,999.98,1.12968,0.04089,Servidor-6,"Compra completada correctamente."
496,10496,NORMAL,"iPhone 16",2,NO_STOCK,0.00,1.17069,0.00001,Servidor-6,"Pedido rechazado: stock insuficiente."
484,10484,NORMAL,"PlayStation 5",2,ACCEPTED,999.98,1.14759,0.03560,Servidor-2,"Compra completada correctamente."
480,10480,NORMAL,"AirPods Pro",2,ACCEPTED,498.00,1.11654,0.05271,Servidor-10,"Compra completada correctamente."
483,10483,NORMAL,"PlayStation 5",1,ACCEPTED,499.99,1.12662,0.04590,Servidor-11,"Compra completada correctamente."
488,10488,NORMAL,"PlayStation 5",1,ACCEPTED,499.99,1.14642,0.03767,Servidor-8,"Compra completada correctamente."
485,10485,NORMAL,"PlayStation 5",1,ACCEPTED,499.99,1.18327,0.04346,Servidor-1,"Compra completada correctamente."
487,10487,NORMAL,"PlayStation 5",2,ACCEPTED,999.98,1.13159,0.05205,Servidor-12,"Compra completada correctamente."
489,10489,NORMAL,"Kindle",2,ACCEPTED,259.98,1.13564,0.04560,Servidor-5,"Compra completada correctamente."
494,10494,NORMAL,"Robot Aspirador",2,ACCEPTED,559.98,1.15517,0.03663,Servidor-7,"Compra completada correctamente."
491,10491,NORMAL,"AirPods Pro",1,ACCEPTED,249.00,1.18772,0.04417,Servidor-4,"Compra completada correctamente."
509,10509,NORMAL,"iPhone 16",2,NO_STOCK,0.00,1.21162,0.00001,Servidor-4,"Pedido rechazado: stock insuficiente."
511,10511,NORMAL,"MacBook Air",1,NO_STOCK,0.00,1.16049,0.00000,Servidor-4,"Pedido rechazado: stock insuficiente."
512,10512,NORMAL,"MacBook Air",1,NO_STOCK,0.00,1.16947,0.00000,Servidor-4,"Pedido rechazado: stock insuficiente."
493,10493,NORMAL,"AirPods Pro",1,ACCEPTED,249.00,1.13732,0.05207,Servidor-3,"Compra completada correctamente."
498,10498,NORMAL,"Cafetera Deluxe",1,ACCEPTED,189.99,1.14661,0.04261,Servidor-2,"Compra completada correctamente."
495,10495,NORMAL,"PlayStation 5",1,ACCEPTED,499.99,1.13741,0.05485,Servidor-9,"Compra completada correctamente."
497,10497,NORMAL,"Kindle",2,PAYMENT_ERROR,0.00,1.18659,0.05513,Servidor-6,"Pedido cancelado: fallo en la pasarela de pago."
518,10518,NORMAL,"MacBook Air",1,NO_STOCK,0.00,1.17862,0.00000,Servidor-6,"Pedido rechazado: stock insuficiente."
519,10519,NORMAL,"MacBook Air",2,NO_STOCK,0.00,1.17552,0.00000,Servidor-6,"Pedido rechazado: stock insuficiente."
502,10502,NORMAL,"Smart TV 55",1,ACCEPTED,649.00,1.16961,0.05022,Servidor-11,"Compra completada correctamente."
505,10505,NORMAL,"Smart TV 55",1,ACCEPTED,649.00,1.14811,0.04508,Servidor-1,"Compra completada correctamente."
522,10522,NORMAL,"MacBook Air",2,NO_STOCK,0.00,1.17052,0.00000,Servidor-1,"Pedido rechazado: stock insuficiente."
499,10499,NORMAL,"AirPods Pro",1,ACCEPTED,249.00,1.14183,0.05546,Servidor-10,"Compra completada correctamente."
524,10524,NORMAL,"iPhone 16",2,NO_STOCK,0.00,1.18094,0.00000,Servidor-10,"Pedido rechazado: stock insuficiente."
525,10525,NORMAL,"PlayStation 5",1,NO_STOCK,0.00,1.17231,0.00268,Servidor-10,"Pedido rechazado: stock insuficiente."
526,10526,NORMAL,"MacBook Air",1,NO_STOCK,0.00,1.18546,0.00000,Servidor-10,"Pedido rechazado: stock insuficiente."
504,10504,NORMAL,"Kindle",2,ACCEPTED,259.98,1.14909,0.05189,Servidor-8,"Compra completada correctamente."
507,10507,NORMAL,"Kindle",2,ACCEPTED,259.98,1.16095,0.04046,Servidor-5,"Compra completada correctamente."
529,10529,NORMAL,"PlayStation 5",2,NO_STOCK,0.00,1.17064,0.00000,Servidor-5,"Pedido rechazado: stock insuficiente."
513,10513,NORMAL,"Nintendo Switch",2,ACCEPTED,639.98,1.16053,0.04074,Servidor-4,"Compra completada correctamente."
506,10506,NORMAL,"AirPods Pro",2,ACCEPTED,498.00,1.17307,0.05020,Servidor-12,"Compra completada correctamente."
508,10508,NORMAL,"Nintendo Switch",2,ACCEPTED,639.98,1.17911,0.05479,Servidor-7,"Compra completada correctamente."
534,10534,NORMAL,"PlayStation 5",1,NO_STOCK,0.00,1.18197,0.00000,Servidor-7,"Pedido rechazado: stock insuficiente."
535,10535,NORMAL,"PlayStation 5",2,NO_STOCK,0.00,1.17291,0.00000,Servidor-7,"Pedido rechazado: stock insuficiente."
537,10537,NORMAL,"iPhone 16",1,NO_STOCK,0.00,1.16944,0.00000,Servidor-7,"Pedido rechazado: stock insuficiente."
517,10517,NORMAL,"Robot Aspirador",2,ACCEPTED,559.98,1.17185,0.03929,Servidor-9,"Compra completada correctamente."
539,10539,NORMAL,"PlayStation 5",2,NO_STOCK,0.00,1.22060,0.00000,Servidor-9,"Pedido rechazado: stock insuficiente."
516,10516,NORMAL,"Smart TV 55",1,ACCEPTED,649.00,1.15590,0.04762,Servidor-2,"Compra completada correctamente."
541,10541,NORMAL,"PlayStation 5",1,NO_STOCK,0.00,1.16671,0.00000,Servidor-2,"Pedido rechazado: stock insuficiente."
543,10543,NORMAL,"PlayStation 5",2,NO_STOCK,0.00,1.17484,0.00000,Servidor-2,"Pedido rechazado: stock insuficiente."
514,10514,NORMAL,"PlayStation 5",2,ACCEPTED,999.98,1.18063,0.04990,Servidor-3,"Compra completada correctamente."
545,10545,NORMAL,"iPhone 16",2,NO_STOCK,0.00,1.21697,0.00000,Servidor-3,"Pedido rechazado: stock insuficiente."
546,10546,NORMAL,"PlayStation 5",1,NO_STOCK,0.00,1.17478,0.00000,Servidor-3,"Pedido rechazado: stock insuficiente."
547,10547,NORMAL,"MacBook Air",2,NO_STOCK,0.00,1.16284,0.00000,Servidor-3,"Pedido rechazado: stock insuficiente."
520,10520,NORMAL,"PlayStation 5",1,ACCEPTED,499.99,1.18144,0.04451,Servidor-6,"Compra completada correctamente."
521,10521,NORMAL,"AirPods Pro",1,ACCEPTED,249.00,1.22238,0.04158,Servidor-11,"Compra completada correctamente."
550,10550,NORMAL,"PlayStation 5",2,NO_STOCK,0.00,1.19096,0.00000,Servidor-11,"Pedido rechazado: stock insuficiente."
528,10528,NORMAL,"AirPods Pro",2,ACCEPTED,498.00,1.17043,0.03603,Servidor-8,"Compra completada correctamente."
523,10523,NORMAL,"PlayStation 5",2,ACCEPTED,999.98,1.17366,0.04880,Servidor-1,"Compra completada correctamente."
530,10530,NORMAL,"Cafetera Deluxe",1,ACCEPTED,189.99,1.18250,0.04269,Servidor-5,"Compra completada correctamente."
554,10554,NORMAL,"MacBook Air",1,NO_STOCK,0.00,1.18655,0.00000,Servidor-5,"Pedido rechazado: stock insuficiente."
555,10555,NORMAL,"iPhone 16",1,NO_STOCK,0.00,1.18452,0.00000,Servidor-5,"Pedido rechazado: stock insuficiente."
556,10556,NORMAL,"iPhone 16",1,NO_STOCK,0.00,1.18990,0.00000,Servidor-5,"Pedido rechazado: stock insuficiente."
527,10527,NORMAL,"Nintendo Switch",1,ACCEPTED,319.99,1.21768,0.04701,Servidor-10,"Compra completada correctamente."
558,10558,NORMAL,"PlayStation 5",1,NO_STOCK,0.00,1.17004,0.00000,Servidor-10,"Pedido rechazado: stock insuficiente."
531,10531,NORMAL,"AirPods Pro",1,ACCEPTED,249.00,1.17440,0.04811,Servidor-4,"Compra completada correctamente."
560,10560,NORMAL,"PlayStation 5",2,NO_STOCK,0.00,1.18502,0.00001,Servidor-4,"Pedido rechazado: stock insuficiente."
561,10561,NORMAL,"iPhone 16",1,NO_STOCK,0.00,1.18947,0.00000,Servidor-4,"Pedido rechazado: stock insuficiente."
562,10562,NORMAL,"PlayStation 5",2,NO_STOCK,0.00,1.19973,0.00000,Servidor-4,"Pedido rechazado: stock insuficiente."
563,10563,NORMAL,"iPhone 16",2,NO_STOCK,0.00,1.22749,0.00000,Servidor-4,"Pedido rechazado: stock insuficiente."
564,10564,NORMAL,"PlayStation 5",2,NO_STOCK,0.00,1.17896,0.00000,Servidor-4,"Pedido rechazado: stock insuficiente."
565,10565,NORMAL,"PlayStation 5",2,NO_STOCK,0.00,1.17396,0.00000,Servidor-4,"Pedido rechazado: stock insuficiente."
566,10566,NORMAL,"iPhone 16",2,NO_STOCK,0.00,1.18141,0.00000,Servidor-4,"Pedido rechazado: stock insuficiente."
533,10533,NORMAL,"AirPods Pro",1,ACCEPTED,249.00,1.21729,0.04807,Servidor-12,"Compra completada correctamente."
568,10568,NORMAL,"iPhone 16",1,NO_STOCK,0.00,1.19530,0.00000,Servidor-12,"Pedido rechazado: stock insuficiente."
569,10569,NORMAL,"iPhone 16",2,NO_STOCK,0.00,1.21734,0.00000,Servidor-12,"Pedido rechazado: stock insuficiente."
538,10538,NORMAL,"Smart TV 55",1,ACCEPTED,649.00,1.19175,0.04419,Servidor-7,"Compra completada correctamente."
540,10540,NORMAL,"Robot Aspirador",2,ACCEPTED,559.98,1.18327,0.03793,Servidor-9,"Compra completada correctamente."
544,10544,NORMAL,"Nintendo Switch",2,ACCEPTED,639.98,1.19217,0.04031,Servidor-2,"Compra completada correctamente."
549,10549,NORMAL,"Smart TV 55",2,ACCEPTED,1298.00,1.17958,0.03497,Servidor-6,"Compra completada correctamente."
548,10548,NORMAL,"Smart TV 55",2,ACCEPTED,1298.00,1.17882,0.05386,Servidor-3,"Compra completada correctamente."
578,10578,NORMAL,"iPhone 16",1,NO_STOCK,0.00,1.19058,0.00001,Servidor-3,"Pedido rechazado: stock insuficiente."
553,10553,NORMAL,"Cafetera Deluxe",1,ACCEPTED,189.99,1.17642,0.03530,Servidor-1,"Compra completada correctamente."
580,10580,NORMAL,"PlayStation 5",1,NO_STOCK,0.00,1.20458,0.00000,Servidor-1,"Pedido rechazado: stock insuficiente."
557,10557,NORMAL,"Smart TV 55",1,ACCEPTED,649.00,1.22379,0.04139,Servidor-5,"Compra completada correctamente."
584,10584,NORMAL,"MacBook Air",1,NO_STOCK,0.00,1.18879,0.00001,Servidor-5,"Pedido rechazado: stock insuficiente."
585,10585,NORMAL,"PlayStation 5",2,NO_STOCK,0.00,1.18177,0.00000,Servidor-5,"Pedido rechazado: stock insuficiente."
586,10586,NORMAL,"MacBook Air",2,NO_STOCK,0.00,1.20317,0.00000,Servidor-5,"Pedido rechazado: stock insuficiente."
552,10552,NORMAL,"Nintendo Switch",2,ACCEPTED,639.98,1.17318,0.05143,Servidor-8,"Compra completada correctamente."
571,10571,NORMAL,"Kindle",1,ACCEPTED,129.99,1.16594,0.02602,Servidor-7,"Compra completada correctamente."
559,10559,NORMAL,"Kindle",2,ACCEPTED,259.98,1.17040,0.05181,Servidor-10,"Compra completada correctamente."
593,10593,NORMAL,"MacBook Air",2,NO_STOCK,0.00,1.22490,0.00000,Servidor-10,"Pedido rechazado: stock insuficiente."
570,10570,NORMAL,"Nintendo Switch",2,PAYMENT_ERROR,0.00,1.17490,0.03972,Servidor-12,"Pedido cancelado: fallo en la pasarela de pago."
551,10551,NORMAL,"Smart TV 55",1,PAYMENT_ERROR,0.00,1.22072,0.06316,Servidor-11,"Pedido cancelado: fallo en la pasarela de pago."
597,10597,NORMAL,"PlayStation 5",1,NO_STOCK,0.00,1.18154,0.00000,Servidor-11,"Pedido rechazado: stock insuficiente."
574,10574,NORMAL,"Nintendo Switch",2,ACCEPTED,639.98,1.19559,0.03681,Servidor-9,"Compra completada correctamente."
567,10567,NORMAL,"Nintendo Switch",2,ACCEPTED,639.98,1.17938,0.04286,Servidor-4,"Compra completada correctamente."
583,10583,NORMAL,"Kindle",1,ACCEPTED,129.99,1.16773,0.02900,Servidor-1,"Compra completada correctamente."
577,10577,NORMAL,"Nintendo Switch",2,ACCEPTED,639.98,1.16083,0.05364,Servidor-6,"Compra completada correctamente."
602,10602,NORMAL,"MacBook Air",2,NO_STOCK,0.00,1.19007,0.00001,Servidor-6,"Pedido rechazado: stock insuficiente."
605,10605,NORMAL,"iPhone 16",2,NO_STOCK,0.00,1.23435,0.00000,Servidor-6,"Pedido rechazado: stock insuficiente."
606,10606,NORMAL,"PlayStation 5",1,NO_STOCK,0.00,1.18706,0.00000,Servidor-6,"Pedido rechazado: stock insuficiente."
579,10579,NORMAL,"Smart TV 55",1,ACCEPTED,649.00,1.17800,0.04413,Servidor-3,"Compra completada correctamente."
609,10609,NORMAL,"iPhone 16",1,NO_STOCK,0.00,1.18856,0.00001,Servidor-3,"Pedido rechazado: stock insuficiente."
575,10575,NORMAL,"Nintendo Switch",1,ACCEPTED,319.99,1.21512,0.05794,Servidor-2,"Compra completada correctamente."
598,10598,NORMAL,"Robot Aspirador",1,ACCEPTED,279.99,1.18917,0.03017,Servidor-11,"Compra completada correctamente."
590,10590,NORMAL,"Robot Aspirador",1,ACCEPTED,279.99,1.17795,0.04141,Servidor-8,"Compra completada correctamente."
613,10613,NORMAL,"iPhone 16",2,NO_STOCK,0.00,1.17693,0.00000,Servidor-8,"Pedido rechazado: stock insuficiente."
614,10614,NORMAL,"iPhone 16",1,NO_STOCK,0.00,1.18618,0.00001,Servidor-8,"Pedido rechazado: stock insuficiente."
615,10615,NORMAL,"PlayStation 5",2,NO_STOCK,0.00,1.18115,0.00000,Servidor-8,"Pedido rechazado: stock insuficiente."
616,10616,NORMAL,"PlayStation 5",2,NO_STOCK,0.00,1.20560,0.00000,Servidor-8,"Pedido rechazado: stock insuficiente."
617,10617,NORMAL,"MacBook Air",2,NO_STOCK,0.00,1.21643,0.00000,Servidor-8,"Pedido rechazado: stock insuficiente."
587,10587,NORMAL,"Kindle",2,ACCEPTED,259.98,1.21992,0.04676,Servidor-5,"Compra completada correctamente."
591,10591,NORMAL,"Nintendo Switch",2,ACCEPTED,639.98,1.17681,0.04874,Servidor-7,"Compra completada correctamente."
595,10595,NORMAL,"AirPods Pro",2,ACCEPTED,498.00,1.17476,0.04599,Servidor-12,"Compra completada correctamente."
594,10594,NORMAL,"AirPods Pro",1,ACCEPTED,249.00,1.17754,0.04850,Servidor-10,"Compra completada correctamente."
599,10599,NORMAL,"Kindle",1,ACCEPTED,129.99,1.22048,0.04554,Servidor-9,"Compra completada correctamente."
623,10623,NORMAL,"iPhone 16",1,NO_STOCK,0.00,1.22008,0.00000,Servidor-9,"Pedido rechazado: stock insuficiente."
601,10601,NORMAL,"Robot Aspirador",2,ACCEPTED,559.98,1.17838,0.04276,Servidor-1,"Compra completada correctamente."
625,10625,NORMAL,"PlayStation 5",1,NO_STOCK,0.00,1.18429,0.00000,Servidor-1,"Pedido rechazado: stock insuficiente."
626,10626,NORMAL,"MacBook Air",1,NO_STOCK,0.00,1.19294,0.00000,Servidor-1,"Pedido rechazado: stock insuficiente."
627,10627,NORMAL,"iPhone 16",1,NO_STOCK,0.00,1.18672,0.00000,Servidor-1,"Pedido rechazado: stock insuficiente."
610,10610,NORMAL,"Robot Aspirador",1,ACCEPTED,279.99,1.20741,0.03120,Servidor-3,"Compra completada correctamente."
600,10600,NORMAL,"Kindle",1,ACCEPTED,129.99,1.16719,0.06122,Servidor-4,"Compra completada correctamente."
612,10612,NORMAL,"Kindle",1,ACCEPTED,129.99,1.18625,0.03599,Servidor-11,"Compra completada correctamente."
632,10632,NORMAL,"MacBook Air",1,NO_STOCK,0.00,1.19413,0.00000,Servidor-11,"Pedido rechazado: stock insuficiente."
607,10607,NORMAL,"AirPods Pro",1,ACCEPTED,249.00,1.18304,0.04446,Servidor-6,"Compra completada correctamente."
611,10611,NORMAL,"Nintendo Switch",1,ACCEPTED,319.99,1.22491,0.04600,Servidor-2,"Compra completada correctamente."
618,10618,NORMAL,"AirPods Pro",1,ACCEPTED,249.00,1.17922,0.04201,Servidor-8,"Compra completada correctamente."
620,10620,NORMAL,"AirPods Pro",2,ACCEPTED,498.00,1.18656,0.04284,Servidor-7,"Compra completada correctamente."
639,10639,NORMAL,"PlayStation 5",2,NO_STOCK,0.00,1.20125,0.00000,Servidor-7,"Pedido rechazado: stock insuficiente."
640,10640,NORMAL,"PlayStation 5",1,NO_STOCK,0.00,1.21401,0.00000,Servidor-7,"Pedido rechazado: stock insuficiente."
642,10642,NORMAL,"PlayStation 5",2,NO_STOCK,0.00,1.18663,0.00000,Servidor-7,"Pedido rechazado: stock insuficiente."
622,10622,NORMAL,"Nintendo Switch",1,ACCEPTED,319.99,1.21443,0.04185,Servidor-10,"Compra completada correctamente."
646,10646,NORMAL,"MacBook Air",1,NO_STOCK,0.00,1.21966,0.00001,Servidor-10,"Pedido rechazado: stock insuficiente."
647,10647,NORMAL,"PlayStation 5",1,NO_STOCK,0.00,1.23632,0.00000,Servidor-10,"Pedido rechazado: stock insuficiente."
649,10649,NORMAL,"iPhone 16",1,NO_STOCK,0.00,1.19114,0.00000,Servidor-10,"Pedido rechazado: stock insuficiente."
651,10651,NORMAL,"iPhone 16",2,NO_STOCK,0.00,1.19129,0.00000,Servidor-10,"Pedido rechazado: stock insuficiente."
652,10652,NORMAL,"PlayStation 5",1,NO_STOCK,0.00,1.21543,0.00000,Servidor-10,"Pedido rechazado: stock insuficiente."
619,10619,NORMAL,"Smart TV 55",2,ACCEPTED,1298.00,1.16932,0.05427,Servidor-5,"Compra completada correctamente."
624,10624,NORMAL,"Kindle",2,PAYMENT_ERROR,0.00,1.18893,0.04232,Servidor-9,"Pedido cancelado: fallo en la pasarela de pago."
621,10621,NORMAL,"Nintendo Switch",1,ACCEPTED,319.99,1.18161,0.04989,Servidor-12,"Compra completada correctamente."
656,10656,NORMAL,"iPhone 16",2,NO_STOCK,0.00,1.19660,0.00001,Servidor-12,"Pedido rechazado: stock insuficiente."
629,10629,NORMAL,"AirPods Pro",2,ACCEPTED,498.00,1.22479,0.04214,Servidor-3,"Compra completada correctamente."
628,10628,NORMAL,"Nintendo Switch",1,ACCEPTED,319.99,1.21098,0.04560,Servidor-1,"Compra completada correctamente."
659,10659,NORMAL,"PlayStation 5",2,NO_STOCK,0.00,1.22185,0.00000,Servidor-1,"Pedido rechazado: stock insuficiente."
633,10633,NORMAL,"Kindle",2,ACCEPTED,259.98,1.19423,0.03558,Servidor-11,"Compra completada correctamente."
635,10635,NORMAL,"AirPods Pro",2,ACCEPTED,498.00,1.23255,0.03709,Servidor-6,"Compra completada correctamente."
662,10662,NORMAL,"iPhone 16",1,NO_STOCK,0.00,1.20173,0.00001,Servidor-6,"Pedido rechazado: stock insuficiente."
630,10630,NORMAL,"Kindle",2,ACCEPTED,259.98,1.19430,0.04702,Servidor-4,"Compra completada correctamente."
637,10637,NORMAL,"Kindle",2,ACCEPTED,259.98,1.19081,0.04115,Servidor-2,"Compra completada correctamente."
643,10643,NORMAL,"Robot Aspirador",1,ACCEPTED,279.99,1.19218,0.04040,Servidor-7,"Compra completada correctamente."
667,10667,NORMAL,"iPhone 16",1,NO_STOCK,0.00,1.19348,0.00001,Servidor-7,"Pedido rechazado: stock insuficiente."
668,10668,NORMAL,"iPhone 16",1,NO_STOCK,0.00,1.20778,0.00001,Servidor-7,"Pedido rechazado: stock insuficiente."
654,10654,NORMAL,"Nintendo Switch",1,ACCEPTED,319.99,1.18678,0.03457,Servidor-5,"Compra completada correctamente."
672,10672,NORMAL,"PlayStation 5",1,NO_STOCK,0.00,1.19590,0.00001,Servidor-5,"Pedido rechazado: stock insuficiente."
638,10638,NORMAL,"Kindle",1,ACCEPTED,129.99,1.18736,0.05389,Servidor-8,"Compra completada correctamente."
653,10653,NORMAL,"AirPods Pro",2,ACCEPTED,498.00,1.22493,0.03992,Servidor-10,"Compra completada correctamente."
675,10675,NORMAL,"PlayStation 5",2,NO_STOCK,0.00,1.19629,0.00001,Servidor-10,"Pedido rechazado: stock insuficiente."
655,10655,NORMAL,"Robot Aspirador",2,ACCEPTED,559.98,1.17992,0.04818,Servidor-9,"Compra completada correctamente."
677,10677,NORMAL,"iPhone 16",2,NO_STOCK,0.00,1.24777,0.00001,Servidor-9,"Pedido rechazado: stock insuficiente."
658,10658,NORMAL,"Kindle",1,ACCEPTED,129.99,1.21797,0.03946,Servidor-3,"Compra completada correctamente."
679,10679,NORMAL,"iPhone 16",1,NO_STOCK,0.00,1.19780,0.00000,Servidor-3,"Pedido rechazado: stock insuficiente."
680,10680,NORMAL,"iPhone 16",2,NO_STOCK,0.00,1.19982,0.00000,Servidor-3,"Pedido rechazado: stock insuficiente."
682,10682,NORMAL,"iPhone 16",2,NO_STOCK,0.00,1.21392,0.00000,Servidor-3,"Pedido rechazado: stock insuficiente."
683,10683,NORMAL,"iPhone 16",1,NO_STOCK,0.00,1.24026,0.00000,Servidor-3,"Pedido rechazado: stock insuficiente."
660,10660,NORMAL,"AirPods Pro",1,ACCEPTED,249.00,1.18904,0.04274,Servidor-1,"Compra completada correctamente."
657,10657,NORMAL,"Kindle",2,ACCEPTED,259.98,1.18505,0.04932,Servidor-12,"Compra completada correctamente."
686,10686,NORMAL,"PlayStation 5",2,NO_STOCK,0.00,1.20315,0.00001,Servidor-12,"Pedido rechazado: stock insuficiente."
665,10665,NORMAL,"Kindle",1,ACCEPTED,129.99,1.23264,0.03596,Servidor-2,"Compra completada correctamente."
661,10661,NORMAL,"Nintendo Switch",1,ACCEPTED,319.99,1.17757,0.05263,Servidor-11,"Compra completada correctamente."
689,10689,NORMAL,"MacBook Air",1,NO_STOCK,0.00,1.24759,0.00001,Servidor-11,"Pedido rechazado: stock insuficiente."
669,10669,NORMAL,"Robot Aspirador",2,ACCEPTED,559.98,1.19304,0.03330,Servidor-7,"Compra completada correctamente."
664,10664,NORMAL,"Robot Aspirador",1,ACCEPTED,279.99,1.22193,0.04688,Servidor-4,"Compra completada correctamente."
692,10692,NORMAL,"MacBook Air",1,NO_STOCK,0.00,1.21198,0.00001,Servidor-4,"Pedido rechazado: stock insuficiente."
693,10693,NORMAL,"PlayStation 5",2,NO_STOCK,0.00,1.19836,0.00000,Servidor-4,"Pedido rechazado: stock insuficiente."
673,10673,NORMAL,"Nintendo Switch",2,ACCEPTED,639.98,1.19135,0.03552,Servidor-5,"Compra completada correctamente."
663,10663,NORMAL,"AirPods Pro",2,ACCEPTED,498.00,1.18271,0.05836,Servidor-6,"Compra completada correctamente."
674,10674,NORMAL,"Nintendo Switch",2,ACCEPTED,639.98,1.20083,0.04925,Servidor-8,"Compra completada correctamente."
676,10676,NORMAL,"Nintendo Switch",1,ACCEPTED,319.99,1.21952,0.04856,Servidor-10,"Compra completada correctamente."
678,10678,NORMAL,"Nintendo Switch",2,ACCEPTED,639.98,1.19766,0.04300,Servidor-9,"Compra completada correctamente."
685,10685,NORMAL,"Nintendo Switch",2,ACCEPTED,639.98,1.19360,0.04332,Servidor-1,"Compra completada correctamente."
700,10700,NORMAL,"PlayStation 5",2,NO_STOCK,0.00,1.24462,0.00001,Servidor-1,"Pedido rechazado: stock insuficiente."
701,10701,NORMAL,"iPhone 16",2,NO_STOCK,0.00,1.25516,0.00000,Servidor-1,"Pedido rechazado: stock insuficiente."
684,10684,NORMAL,"Smart TV 55",1,ACCEPTED,649.00,1.18382,0.04967,Servidor-3,"Compra completada correctamente."
703,10703,NORMAL,"PlayStation 5",2,NO_STOCK,0.00,1.20453,0.00001,Servidor-3,"Pedido rechazado: stock insuficiente."
688,10688,NORMAL,"Cafetera Deluxe",1,ACCEPTED,189.99,1.22112,0.03941,Servidor-2,"Compra completada correctamente."
706,10706,NORMAL,"PlayStation 5",1,NO_STOCK,0.00,1.24000,0.00000,Servidor-2,"Pedido rechazado: stock insuficiente."
690,10690,NORMAL,"Nintendo Switch",2,ACCEPTED,639.98,1.19579,0.03761,Servidor-11,"Compra completada correctamente."
687,10687,NORMAL,"AirPods Pro",1,ACCEPTED,249.00,1.19582,0.05222,Servidor-12,"Compra completada correctamente."
694,10694,NORMAL,"Nintendo Switch",2,ACCEPTED,639.98,1.22429,0.04225,Servidor-4,"Compra completada correctamente."
696,10696,NORMAL,"Smart TV 55",1,ACCEPTED,649.00,1.20118,0.03925,Servidor-6,"Compra completada correctamente."
711,10711,NORMAL,"PlayStation 5",1,NO_STOCK,0.00,1.22780,0.00001,Servidor-6,"Pedido rechazado: stock insuficiente."
712,10712,NORMAL,"PlayStation 5",2,NO_STOCK,0.00,1.24587,0.00000,Servidor-6,"Pedido rechazado: stock insuficiente."
713,10713,NORMAL,"MacBook Air",1,NO_STOCK,0.00,1.26651,0.00000,Servidor-6,"Pedido rechazado: stock insuficiente."
691,10691,NORMAL,"Nintendo Switch",2,ACCEPTED,639.98,1.19588,0.05015,Servidor-7,"Compra completada correctamente."
695,10695,NORMAL,"Cafetera Deluxe",1,ACCEPTED,189.99,1.24179,0.05020,Servidor-5,"Compra completada correctamente."
698,10698,NORMAL,"AirPods Pro",2,ACCEPTED,498.00,1.22610,0.03459,Servidor-10,"Compra completada correctamente."
717,10717,NORMAL,"iPhone 16",1,NO_STOCK,0.00,1.22944,0.00000,Servidor-10,"Pedido rechazado: stock insuficiente."
702,10702,NORMAL,"AirPods Pro",2,ACCEPTED,498.00,1.21312,0.03606,Servidor-1,"Compra completada correctamente."
719,10719,NORMAL,"iPhone 16",2,NO_STOCK,0.00,1.27599,0.00001,Servidor-1,"Pedido rechazado: stock insuficiente."
697,10697,NORMAL,"AirPods Pro",2,PAYMENT_ERROR,0.00,1.20554,0.04618,Servidor-8,"Pedido cancelado: fallo en la pasarela de pago."
707,10707,NORMAL,"Kindle",2,ACCEPTED,259.98,1.25524,0.03346,Servidor-2,"Compra completada correctamente."
722,10722,NORMAL,"iPhone 16",1,NO_STOCK,0.00,1.22799,0.00000,Servidor-2,"Pedido rechazado: stock insuficiente."
724,10724,NORMAL,"MacBook Air",1,NO_STOCK,0.00,1.23811,0.00000,Servidor-2,"Pedido rechazado: stock insuficiente."
725,10725,NORMAL,"PlayStation 5",1,NO_STOCK,0.00,1.26743,0.00000,Servidor-2,"Pedido rechazado: stock insuficiente."
726,10726,NORMAL,"MacBook Air",1,NO_STOCK,0.00,1.21491,0.00000,Servidor-2,"Pedido rechazado: stock insuficiente."
704,10704,NORMAL,"Kindle",1,ACCEPTED,129.99,1.22749,0.04019,Servidor-3,"Compra completada correctamente."
728,10728,NORMAL,"MacBook Air",1,NO_STOCK,0.00,1.23181,0.00001,Servidor-3,"Pedido rechazado: stock insuficiente."
709,10709,NORMAL,"Nintendo Switch",2,ACCEPTED,639.98,1.20909,0.03506,Servidor-12,"Compra completada correctamente."
699,10699,NORMAL,"Nintendo Switch",2,ACCEPTED,639.98,1.21122,0.05061,Servidor-9,"Compra completada correctamente."
708,10708,NORMAL,"Smart TV 55",2,ACCEPTED,1298.00,1.21113,0.04760,Servidor-11,"Compra completada correctamente."
710,10710,NORMAL,"AirPods Pro",2,ACCEPTED,498.00,1.22952,0.04407,Servidor-4,"Compra completada correctamente."
715,10715,NORMAL,"Smart TV 55",2,ACCEPTED,1298.00,1.21179,0.03974,Servidor-7,"Compra completada correctamente."
735,10735,NORMAL,"PlayStation 5",1,NO_STOCK,0.00,1.23500,0.00001,Servidor-7,"Pedido rechazado: stock insuficiente."
714,10714,NORMAL,"Cafetera Deluxe",2,ACCEPTED,379.98,1.21260,0.04398,Servidor-6,"Compra completada correctamente."
716,10716,NORMAL,"Smart TV 55",1,ACCEPTED,649.00,1.22929,0.04586,Servidor-5,"Compra completada correctamente."
739,10739,NORMAL,"PlayStation 5",1,NO_STOCK,0.00,1.22455,0.00001,Servidor-5,"Pedido rechazado: stock insuficiente."
721,10721,NORMAL,"Nintendo Switch",1,ACCEPTED,319.99,1.22080,0.03903,Servidor-8,"Compra completada correctamente."
718,10718,NORMAL,"Nintendo Switch",1,ACCEPTED,319.99,1.24282,0.05270,Servidor-10,"Compra completada correctamente."
742,10742,NORMAL,"MacBook Air",1,NO_STOCK,0.00,1.26470,0.00000,Servidor-10,"Pedido rechazado: stock insuficiente."
743,10743,NORMAL,"PlayStation 5",1,NO_STOCK,0.00,1.27691,0.00005,Servidor-10,"Pedido rechazado: stock insuficiente."
727,10727,NORMAL,"AirPods Pro",1,ACCEPTED,249.00,1.21200,0.04402,Servidor-2,"Compra completada correctamente."
720,10720,NORMAL,"Cafetera Deluxe",2,ACCEPTED,379.98,1.21737,0.04765,Servidor-1,"Compra completada correctamente."
730,10730,NORMAL,"Kindle",1,ACCEPTED,129.99,1.24406,0.03742,Servidor-12,"Compra completada correctamente."
732,10732,NORMAL,"Nintendo Switch",1,ACCEPTED,319.99,1.22828,0.03734,Servidor-11,"Compra completada correctamente."
729,10729,NORMAL,"Smart TV 55",2,ACCEPTED,1298.00,1.23001,0.04879,Servidor-3,"Compra completada correctamente."
753,10753,NORMAL,"PlayStation 5",1,NO_STOCK,0.00,1.24849,0.00000,Servidor-3,"Pedido rechazado: stock insuficiente."
734,10734,NORMAL,"AirPods Pro",2,ACCEPTED,498.00,1.24286,0.03607,Servidor-4,"Compra completada correctamente."
736,10736,NORMAL,"Nintendo Switch",1,ACCEPTED,319.99,1.25108,0.03836,Servidor-7,"Compra completada correctamente."
756,10756,NORMAL,"PlayStation 5",1,NO_STOCK,0.00,1.23835,0.00001,Servidor-7,"Pedido rechazado: stock insuficiente."
757,10757,NORMAL,"PlayStation 5",1,NO_STOCK,0.00,1.22903,0.00000,Servidor-7,"Pedido rechazado: stock insuficiente."
760,10760,NORMAL,"PlayStation 5",2,NO_STOCK,0.00,1.25178,0.00000,Servidor-7,"Pedido rechazado: stock insuficiente."
731,10731,NORMAL,"AirPods Pro",1,ACCEPTED,249.00,1.26763,0.05379,Servidor-9,"Compra completada correctamente."
740,10740,NORMAL,"AirPods Pro",1,ACCEPTED,249.00,1.24920,0.03711,Servidor-5,"Compra completada correctamente."
747,10747,NORMAL,"Nintendo Switch",2,ACCEPTED,639.98,1.24439,0.03273,Servidor-1,"Compra completada correctamente."
744,10744,NORMAL,"Kindle",2,ACCEPTED,259.98,1.24063,0.03620,Servidor-10,"Compra completada correctamente."
737,10737,NORMAL,"AirPods Pro",1,ACCEPTED,249.00,1.27348,0.05330,Servidor-6,"Compra completada correctamente."
761,10761,NORMAL,"AirPods Pro",1,ACCEPTED,249.00,1.27937,0.01881,Servidor-7,"Compra completada correctamente."
767,10767,NORMAL,"PlayStation 5",1,NO_STOCK,0.00,1.29046,0.00000,Servidor-7,"Pedido rechazado: stock insuficiente."
768,10768,NORMAL,"iPhone 16",2,NO_STOCK,0.00,1.24106,0.00000,Servidor-7,"Pedido rechazado: stock insuficiente."
771,10771,NORMAL,"iPhone 16",1,NO_STOCK,0.00,1.25011,0.00000,Servidor-7,"Pedido rechazado: stock insuficiente."
772,10772,NORMAL,"PlayStation 5",2,NO_STOCK,0.00,1.26445,0.00000,Servidor-7,"Pedido rechazado: stock insuficiente."
741,10741,NORMAL,"AirPods Pro",1,ACCEPTED,249.00,1.23860,0.04665,Servidor-8,"Compra completada correctamente."
755,10755,NORMAL,"AirPods Pro",2,ACCEPTED,498.00,1.28333,0.03511,Servidor-4,"Compra completada correctamente."
777,10777,NORMAL,"PlayStation 5",2,NO_STOCK,0.00,1.25184,0.00001,Servidor-4,"Pedido rechazado: stock insuficiente."
778,10778,NORMAL,"MacBook Air",2,NO_STOCK,0.00,1.27139,0.00000,Servidor-4,"Pedido rechazado: stock insuficiente."
779,10779,NORMAL,"PlayStation 5",2,NO_STOCK,0.00,1.28113,0.00000,Servidor-4,"Pedido rechazado: stock insuficiente."
748,10748,NORMAL,"Kindle",2,ACCEPTED,259.98,1.25929,0.05017,Servidor-12,"Compra completada correctamente."
781,10781,NORMAL,"PlayStation 5",2,NO_STOCK,0.00,1.22837,0.00000,Servidor-12,"Pedido rechazado: stock insuficiente."
783,10783,NORMAL,"PlayStation 5",1,NO_STOCK,0.00,1.24283,0.00000,Servidor-12,"Pedido rechazado: stock insuficiente."
750,10750,NORMAL,"AirPods Pro",1,ACCEPTED,249.00,1.24220,0.04429,Servidor-11,"Compra completada correctamente."
754,10754,NORMAL,"Robot Aspirador",1,ACCEPTED,279.99,1.25682,0.04890,Servidor-3,"Compra completada correctamente."
745,10745,NORMAL,"Nintendo Switch",2,ACCEPTED,639.98,1.22102,0.06680,Servidor-2,"Compra completada correctamente."
787,10787,NORMAL,"MacBook Air",2,NO_STOCK,0.00,1.23925,0.00001,Servidor-2,"Pedido rechazado: stock insuficiente."
788,10788,NORMAL,"MacBook Air",2,NO_STOCK,0.00,1.25783,0.00001,Servidor-2,"Pedido rechazado: stock insuficiente."
789,10789,NORMAL,"PlayStation 5",2,NO_STOCK,0.00,1.25293,0.00001,Servidor-2,"Pedido rechazado: stock insuficiente."
763,10763,NORMAL,"AirPods Pro",1,ACCEPTED,249.00,1.23219,0.04051,Servidor-5,"Compra completada correctamente."
765,10765,NORMAL,"AirPods Pro",1,ACCEPTED,249.00,1.26016,0.03706,Servidor-10,"Compra completada correctamente."
793,10793,NORMAL,"PlayStation 5",2,NO_STOCK,0.00,1.24138,0.00001,Servidor-10,"Pedido rechazado: stock insuficiente."
766,10766,NORMAL,"Nintendo Switch",1,ACCEPTED,319.99,1.26802,0.03981,Servidor-6,"Compra completada correctamente."
762,10762,NORMAL,"AirPods Pro",1,ACCEPTED,249.00,1.22725,0.05822,Servidor-9,"Compra completada correctamente."
797,10797,NORMAL,"MacBook Air",1,NO_STOCK,0.00,1.28864,0.00001,Servidor-9,"Pedido rechazado: stock insuficiente."
773,10773,NORMAL,"Smart TV 55",1,ACCEPTED,649.00,1.28017,0.04720,Servidor-7,"Compra completada correctamente."
799,10799,NORMAL,"iPhone 16",2,NO_STOCK,0.00,1.24589,0.00001,Servidor-7,"Pedido rechazado: stock insuficiente."
800,10800,NORMAL,"PlayStation 5",1,NO_STOCK,0.00,1.25326,0.00000,Servidor-7,"Pedido rechazado: stock insuficiente."
801,10801,NORMAL,"iPhone 16",1,NO_STOCK,0.00,1.25840,0.00000,Servidor-7,"Pedido rechazado: stock insuficiente."
776,10776,NORMAL,"Robot Aspirador",1,ACCEPTED,279.99,1.24694,0.04413,Servidor-8,"Compra completada correctamente."
803,10803,NORMAL,"iPhone 16",1,NO_STOCK,0.00,1.28995,0.00000,Servidor-8,"Pedido rechazado: stock insuficiente."
795,10795,NORMAL,"AirPods Pro",2,ACCEPTED,498.00,1.25440,0.01335,Servidor-10,"Compra completada correctamente."
805,10805,NORMAL,"iPhone 16",2,NO_STOCK,0.00,1.24232,0.00000,Servidor-10,"Pedido rechazado: stock insuficiente."
806,10806,NORMAL,"MacBook Air",2,NO_STOCK,0.00,1.24232,0.00000,Servidor-10,"Pedido rechazado: stock insuficiente."
807,10807,NORMAL,"MacBook Air",1,NO_STOCK,0.00,1.25414,0.00000,Servidor-10,"Pedido rechazado: stock insuficiente."
764,10764,NORMAL,"Cafetera Deluxe",2,ACCEPTED,379.98,1.24993,0.05865,Servidor-1,"Compra completada correctamente."
809,10809,NORMAL,"PlayStation 5",1,NO_STOCK,0.00,1.29133,0.00001,Servidor-1,"Pedido rechazado: stock insuficiente."
784,10784,NORMAL,"AirPods Pro",2,ACCEPTED,498.00,1.26836,0.04142,Servidor-12,"Compra completada correctamente."
811,10811,NORMAL,"PlayStation 5",2,NO_STOCK,0.00,1.24138,0.00001,Servidor-12,"Pedido rechazado: stock insuficiente."
813,10813,NORMAL,"iPhone 16",1,NO_STOCK,0.00,1.25200,0.00000,Servidor-12,"Pedido rechazado: stock insuficiente."
786,10786,NORMAL,"Robot Aspirador",1,ACCEPTED,279.99,1.24613,0.04330,Servidor-3,"Compra completada correctamente."
790,10790,NORMAL,"Kindle",1,ACCEPTED,129.99,1.27236,0.03950,Servidor-2,"Compra completada correctamente."
785,10785,NORMAL,"Smart TV 55",2,ACCEPTED,1298.00,1.27553,0.05586,Servidor-11,"Compra completada correctamente."
819,10819,NORMAL,"PlayStation 5",2,NO_STOCK,0.00,1.25736,0.00001,Servidor-11,"Pedido rechazado: stock insuficiente."
780,10780,NORMAL,"Kindle",2,ACCEPTED,259.98,1.24273,0.06234,Servidor-4,"Compra completada correctamente."
823,10823,NORMAL,"PlayStation 5",1,NO_STOCK,0.00,1.23557,0.00000,Servidor-4,"Pedido rechazado: stock insuficiente."
792,10792,NORMAL,"Smart TV 55",2,ACCEPTED,1298.00,1.24508,0.04877,Servidor-5,"Compra completada correctamente."
808,10808,NORMAL,"Smart TV 55",2,ACCEPTED,1298.00,1.26640,0.03867,Servidor-10,"Compra completada correctamente."
796,10796,NORMAL,"AirPods Pro",2,ACCEPTED,498.00,1.27126,0.05190,Servidor-6,"Compra completada correctamente."
829,10829,NORMAL,"iPhone 16",1,NO_STOCK,0.00,1.24898,0.00001,Servidor-6,"Pedido rechazado: stock insuficiente."
831,10831,NORMAL,"MacBook Air",1,NO_STOCK,0.00,1.25853,0.00000,Servidor-6,"Pedido rechazado: stock insuficiente."
798,10798,NORMAL,"Nintendo Switch",1,ACCEPTED,319.99,1.24514,0.05010,Servidor-9,"Compra completada correctamente."
810,10810,NORMAL,"AirPods Pro",2,ACCEPTED,498.00,1.24565,0.03959,Servidor-1,"Compra completada correctamente."
834,10834,NORMAL,"iPhone 16",1,NO_STOCK,0.00,1.25565,0.00000,Servidor-1,"Pedido rechazado: stock insuficiente."
802,10802,NORMAL,"AirPods Pro",1,ACCEPTED,249.00,1.26579,0.05115,Servidor-7,"Compra completada correctamente."
814,10814,NORMAL,"AirPods Pro",1,ACCEPTED,249.00,1.26998,0.04391,Servidor-12,"Compra completada correctamente."
804,10804,NORMAL,"AirPods Pro",2,ACCEPTED,498.00,1.24011,0.05341,Servidor-8,"Compra completada correctamente."
839,10839,NORMAL,"PlayStation 5",1,NO_STOCK,0.00,1.28994,0.00000,Servidor-8,"Pedido rechazado: stock insuficiente."
816,10816,NORMAL,"Nintendo Switch",1,ACCEPTED,319.99,1.25288,0.03947,Servidor-2,"Compra completada correctamente."
822,10822,NORMAL,"Robot Aspirador",2,ACCEPTED,559.98,1.25153,0.03845,Servidor-11,"Compra completada correctamente."
815,10815,NORMAL,"AirPods Pro",2,ACCEPTED,498.00,1.28967,0.04791,Servidor-3,"Compra completada correctamente."
833,10833,NORMAL,"Cafetera Deluxe",1,ACCEPTED,189.99,1.28519,0.03297,Servidor-9,"Compra completada correctamente."
828,10828,NORMAL,"AirPods Pro",2,ACCEPTED,498.00,1.25753,0.03829,Servidor-10,"Compra completada correctamente."
847,10847,NORMAL,"PlayStation 5",2,NO_STOCK,0.00,1.26516,0.00001,Servidor-10,"Pedido rechazado: stock insuficiente."
848,10848,NORMAL,"iPhone 16",2,NO_STOCK,0.00,1.26973,0.00000,Servidor-10,"Pedido rechazado: stock insuficiente."
825,10825,NORMAL,"Cafetera Deluxe",1,ACCEPTED,189.99,1.24593,0.05485,Servidor-4,"Compra completada correctamente."
851,10851,NORMAL,"iPhone 16",2,NO_STOCK,0.00,1.30085,0.00000,Servidor-4,"Pedido rechazado: stock insuficiente."
852,10852,NORMAL,"PlayStation 5",2,NO_STOCK,0.00,1.25829,0.00000,Servidor-4,"Pedido rechazado: stock insuficiente."
827,10827,NORMAL,"AirPods Pro",2,ACCEPTED,498.00,1.27821,0.05191,Servidor-5,"Compra completada correctamente."
832,10832,NORMAL,"Nintendo Switch",2,ACCEPTED,639.98,1.28079,0.04088,Servidor-6,"Compra completada correctamente."
855,10855,NORMAL,"iPhone 16",1,NO_STOCK,0.00,1.26801,0.00000,Servidor-6,"Pedido rechazado: stock insuficiente."
856,10856,NORMAL,"PlayStation 5",2,NO_STOCK,0.00,1.28999,0.00000,Servidor-6,"Pedido rechazado: stock insuficiente."
857,10857,NORMAL,"iPhone 16",2,NO_STOCK,0.00,1.29291,0.00000,Servidor-6,"Pedido rechazado: stock insuficiente."
858,10858,NORMAL,"iPhone 16",2,NO_STOCK,0.00,1.25495,0.00000,Servidor-6,"Pedido rechazado: stock insuficiente."
835,10835,NORMAL,"Cafetera Deluxe",1,ACCEPTED,189.99,1.25014,0.03800,Servidor-1,"Compra completada correctamente."
837,10837,NORMAL,"AirPods Pro",1,ACCEPTED,249.00,1.25963,0.04037,Servidor-7,"Compra completada correctamente."
861,10861,NORMAL,"MacBook Air",2,NO_STOCK,0.00,1.26124,0.00000,Servidor-7,"Pedido rechazado: stock insuficiente."
843,10843,NORMAL,"AirPods Pro",2,ACCEPTED,498.00,1.26820,0.03914,Servidor-11,"Compra completada correctamente."
853,10853,NORMAL,"Robot Aspirador",2,ACCEPTED,559.98,1.25800,0.02414,Servidor-4,"Compra completada correctamente."
864,10864,NORMAL,"MacBook Air",1,NO_STOCK,0.00,1.26860,0.00000,Servidor-4,"Pedido rechazado: stock insuficiente."
867,10867,NORMAL,"PlayStation 5",1,NO_STOCK,0.00,1.26328,0.00000,Servidor-4,"Pedido rechazado: stock insuficiente."
869,10869,NORMAL,"MacBook Air",2,NO_STOCK,0.00,1.29961,0.00000,Servidor-4,"Pedido rechazado: stock insuficiente."
870,10870,NORMAL,"PlayStation 5",1,NO_STOCK,0.00,1.26016,0.00000,Servidor-4,"Pedido rechazado: stock insuficiente."
840,10840,NORMAL,"AirPods Pro",2,ACCEPTED,498.00,1.24788,0.05431,Servidor-8,"Compra completada correctamente."
842,10842,NORMAL,"Smart TV 55",2,ACCEPTED,1298.00,1.25480,0.04842,Servidor-2,"Compra completada correctamente."
850,10850,NORMAL,"AirPods Pro",1,ACCEPTED,249.00,1.28994,0.03595,Servidor-10,"Compra completada correctamente."
874,10874,NORMAL,"PlayStation 5",2,NO_STOCK,0.00,1.29556,0.00000,Servidor-10,"Pedido rechazado: stock insuficiente."
844,10844,NORMAL,"AirPods Pro",2,ACCEPTED,498.00,1.28122,0.05160,Servidor-3,"Compra completada correctamente."
876,10876,NORMAL,"PlayStation 5",2,NO_STOCK,0.00,1.26352,0.00000,Servidor-3,"Pedido rechazado: stock insuficiente."
879,10879,NORMAL,"iPhone 16",2,NO_STOCK,0.00,1.26635,0.00000,Servidor-3,"Pedido rechazado: stock insuficiente."
854,10854,NORMAL,"Nintendo Switch",2,ACCEPTED,639.98,1.27070,0.03684,Servidor-5,"Compra completada correctamente."
882,10882,NORMAL,"iPhone 16",2,NO_STOCK,0.00,1.25360,0.00000,Servidor-5,"Pedido rechazado: stock insuficiente."
883,10883,NORMAL,"MacBook Air",1,NO_STOCK,0.00,1.25638,0.00000,Servidor-5,"Pedido rechazado: stock insuficiente."
884,10884,NORMAL,"iPhone 16",2,NO_STOCK,0.00,1.26042,0.00000,Servidor-5,"Pedido rechazado: stock insuficiente."
885,10885,NORMAL,"PlayStation 5",2,NO_STOCK,0.00,1.26136,0.00000,Servidor-5,"Pedido rechazado: stock insuficiente."
888,10888,NORMAL,"MacBook Air",2,NO_STOCK,0.00,1.24149,0.00000,Servidor-5,"Pedido rechazado: stock insuficiente."
845,10845,NORMAL,"AirPods Pro",1,ACCEPTED,249.00,1.30441,0.04457,Servidor-9,"Compra completada correctamente."
860,10860,NORMAL,"Robot Aspirador",1,ACCEPTED,279.99,1.26820,0.04397,Servidor-1,"Compra completada correctamente."
838,10838,NORMAL,"Kindle",2,ACCEPTED,259.98,1.28196,0.07756,Servidor-12,"Compra completada correctamente."
862,10862,NORMAL,"Nintendo Switch",1,ACCEPTED,319.99,1.28964,0.04425,Servidor-7,"Compra completada correctamente."
859,10859,NORMAL,"Nintendo Switch",1,ACCEPTED,319.99,1.24823,0.05497,Servidor-6,"Compra completada correctamente."
871,10871,NORMAL,"Robot Aspirador",2,ACCEPTED,559.98,1.25407,0.03342,Servidor-4,"Compra completada correctamente."
895,10895,NORMAL,"iPhone 16",2,NO_STOCK,0.00,1.25657,0.00001,Servidor-4,"Pedido rechazado: stock insuficiente."
896,10896,NORMAL,"PlayStation 5",2,NO_STOCK,0.00,1.27165,0.00000,Servidor-4,"Pedido rechazado: stock insuficiente."
873,10873,NORMAL,"Smart TV 55",1,ACCEPTED,649.00,1.26271,0.03373,Servidor-2,"Compra completada correctamente."
898,10898,NORMAL,"PlayStation 5",2,NO_STOCK,0.00,1.28906,0.00001,Servidor-2,"Pedido rechazado: stock insuficiente."
863,10863,NORMAL,"Cafetera Deluxe",1,ACCEPTED,189.99,1.30061,0.04369,Servidor-11,"Compra completada correctamente."
875,10875,NORMAL,"Nintendo Switch",2,ACCEPTED,639.98,1.30376,0.03384,Servidor-10,"Compra completada correctamente."
872,10872,NORMAL,"Smart TV 55",2,ACCEPTED,1298.00,1.27146,0.04432,Servidor-8,"Compra completada correctamente."
903,10903,NORMAL,"MacBook Air",2,NO_STOCK,0.00,1.26329,0.00001,Servidor-8,"Pedido rechazado: stock insuficiente."
881,10881,NORMAL,"AirPods Pro",1,ACCEPTED,249.00,1.30113,0.03607,Servidor-3,"Compra completada correctamente."
890,10890,NORMAL,"Kindle",1,ACCEPTED,129.99,1.25740,0.03498,Servidor-9,"Compra completada correctamente."
892,10892,NORMAL,"Nintendo Switch",1,ACCEPTED,319.99,1.28239,0.03040,Servidor-12,"Compra completada correctamente."
907,10907,NORMAL,"MacBook Air",2,NO_STOCK,0.00,1.25447,0.00001,Servidor-12,"Pedido rechazado: stock insuficiente."
908,10908,NORMAL,"MacBook Air",2,NO_STOCK,0.00,1.27899,0.00000,Servidor-12,"Pedido rechazado: stock insuficiente."
911,10911,NORMAL,"iPhone 16",2,NO_STOCK,0.00,1.29859,0.00000,Servidor-12,"Pedido rechazado: stock insuficiente."
912,10912,NORMAL,"iPhone 16",2,NO_STOCK,0.00,1.25659,0.00000,Servidor-12,"Pedido rechazado: stock insuficiente."
889,10889,NORMAL,"Cafetera Deluxe",2,ACCEPTED,379.98,1.24911,0.04143,Servidor-5,"Compra completada correctamente."
894,10894,NORMAL,"AirPods Pro",2,ACCEPTED,498.00,1.25605,0.02778,Servidor-6,"Compra completada correctamente."
915,10915,NORMAL,"iPhone 16",2,NO_STOCK,0.00,1.27062,0.00001,Servidor-6,"Pedido rechazado: stock insuficiente."
917,10917,NORMAL,"iPhone 16",2,NO_STOCK,0.00,1.29889,0.00000,Servidor-6,"Pedido rechazado: stock insuficiente."
891,10891,NORMAL,"Nintendo Switch",2,ACCEPTED,639.98,1.26342,0.03776,Servidor-1,"Compra completada correctamente."
920,10920,NORMAL,"PlayStation 5",2,NO_STOCK,0.00,1.26485,0.00001,Servidor-1,"Pedido rechazado: stock insuficiente."
893,10893,NORMAL,"Smart TV 55",2,ACCEPTED,1298.00,1.29841,0.04135,Servidor-7,"Compra completada correctamente."
922,10922,NORMAL,"PlayStation 5",1,NO_STOCK,0.00,1.28650,0.00001,Servidor-7,"Pedido rechazado: stock insuficiente."
923,10923,NORMAL,"iPhone 16",2,NO_STOCK,0.00,1.30163,0.00001,Servidor-7,"Pedido rechazado: stock insuficiente."
924,10924,NORMAL,"MacBook Air",1,NO_STOCK,0.00,1.24749,0.00007,Servidor-7,"Pedido rechazado: stock insuficiente."
925,10925,NORMAL,"PlayStation 5",1,NO_STOCK,0.00,1.25401,0.00001,Servidor-7,"Pedido rechazado: stock insuficiente."
926,10926,NORMAL,"PlayStation 5",2,NO_STOCK,0.00,1.25909,0.00001,Servidor-7,"Pedido rechazado: stock insuficiente."
927,10927,NORMAL,"PlayStation 5",2,NO_STOCK,0.00,1.26573,0.00001,Servidor-7,"Pedido rechazado: stock insuficiente."
900,10900,NORMAL,"Nintendo Switch",1,ACCEPTED,319.99,1.25985,0.03124,Servidor-11,"Compra completada correctamente."
929,10929,NORMAL,"iPhone 16",2,NO_STOCK,0.00,1.29643,0.00001,Servidor-11,"Pedido rechazado: stock insuficiente."
930,10930,NORMAL,"PlayStation 5",2,NO_STOCK,0.00,1.24770,0.00000,Servidor-11,"Pedido rechazado: stock insuficiente."
931,10931,NORMAL,"MacBook Air",2,NO_STOCK,0.00,1.24765,0.00000,Servidor-11,"Pedido rechazado: stock insuficiente."
902,10902,NORMAL,"Kindle",2,ACCEPTED,259.98,1.27413,0.03329,Servidor-10,"Compra completada correctamente."
897,10897,NORMAL,"Nintendo Switch",1,PAYMENT_ERROR,0.00,1.26159,0.04583,Servidor-4,"Pedido cancelado: fallo en la pasarela de pago."
937,10937,NORMAL,"PlayStation 5",1,NO_STOCK,0.00,1.24287,0.00001,Servidor-4,"Pedido rechazado: stock insuficiente."
899,10899,NORMAL,"Nintendo Switch",2,ACCEPTED,639.98,1.29545,0.04187,Servidor-2,"Compra completada correctamente."
932,10932,NORMAL,"Kindle",1,ACCEPTED,129.99,1.25876,0.01155,Servidor-11,"Compra completada correctamente."
904,10904,NORMAL,"Smart TV 55",1,ACCEPTED,649.00,1.29271,0.03954,Servidor-8,"Compra completada correctamente."
913,10913,NORMAL,"AirPods Pro",2,ACCEPTED,498.00,1.25106,0.03175,Servidor-12,"Compra completada correctamente."
919,10919,NORMAL,"Robot Aspirador",2,ACCEPTED,559.98,1.25091,0.03769,Servidor-6,"Compra completada correctamente."
921,10921,NORMAL,"Smart TV 55",2,ACCEPTED,1298.00,1.26668,0.03543,Servidor-1,"Compra completada correctamente."
914,10914,NORMAL,"Nintendo Switch",1,ACCEPTED,319.99,1.26958,0.04282,Servidor-5,"Compra completada correctamente."
928,10928,NORMAL,"Kindle",2,ACCEPTED,259.98,1.27359,0.03243,Servidor-7,"Compra completada correctamente."
946,10946,NORMAL,"PlayStation 5",2,NO_STOCK,0.00,1.28865,0.00001,Servidor-7,"Pedido rechazado: stock insuficiente."
948,10948,NORMAL,"MacBook Air",2,NO_STOCK,0.00,1.25966,0.00000,Servidor-7,"Pedido rechazado: stock insuficiente."
949,10949,NORMAL,"PlayStation 5",1,NO_STOCK,0.00,1.24206,0.00000,Servidor-7,"Pedido rechazado: stock insuficiente."
950,10950,NORMAL,"PlayStation 5",1,NO_STOCK,0.00,1.26733,0.00000,Servidor-7,"Pedido rechazado: stock insuficiente."
951,10951,NORMAL,"iPhone 16",2,NO_STOCK,0.00,1.26177,0.00000,Servidor-7,"Pedido rechazado: stock insuficiente."
936,10936,NORMAL,"AirPods Pro",2,ACCEPTED,498.00,1.24564,0.03317,Servidor-10,"Compra completada correctamente."
938,10938,NORMAL,"Smart TV 55",1,ACCEPTED,649.00,1.25920,0.03162,Servidor-4,"Compra completada correctamente."
905,10905,NORMAL,"Robot Aspirador",1,ACCEPTED,279.99,1.29422,0.06489,Servidor-3,"Compra completada correctamente."
906,10906,NORMAL,"Smart TV 55",2,ACCEPTED,1298.00,1.25966,0.06360,Servidor-9,"Compra completada correctamente."
956,10956,NORMAL,"iPhone 16",1,NO_STOCK,0.00,1.26701,0.00000,Servidor-9,"Pedido rechazado: stock insuficiente."
940,10940,NORMAL,"Nintendo Switch",1,ACCEPTED,319.99,1.27781,0.03648,Servidor-11,"Compra completada correctamente."
942,10942,NORMAL,"Nintendo Switch",2,ACCEPTED,639.98,1.25143,0.04039,Servidor-12,"Compra completada correctamente."
939,10939,NORMAL,"AirPods Pro",2,ACCEPTED,498.00,1.25360,0.04917,Servidor-2,"Compra completada correctamente."
963,10963,NORMAL,"MacBook Air",2,NO_STOCK,0.00,1.27529,0.00000,Servidor-2,"Pedido rechazado: stock insuficiente."
944,10944,NORMAL,"Nintendo Switch",2,ACCEPTED,639.98,1.27179,0.02984,Servidor-1,"Compra completada correctamente."
941,10941,NORMAL,"Nintendo Switch",2,ACCEPTED,639.98,1.28806,0.04971,Servidor-8,"Compra completada correctamente."
968,10968,NORMAL,"iPhone 16",2,NO_STOCK,0.00,1.26399,0.00001,Servidor-8,"Pedido rechazado: stock insuficiente."
969,10969,NORMAL,"PlayStation 5",1,NO_STOCK,0.00,1.27506,0.00000,Servidor-8,"Pedido rechazado: stock insuficiente."
953,10953,NORMAL,"AirPods Pro",1,ACCEPTED,249.00,1.29452,0.02756,Servidor-10,"Compra completada correctamente."
955,10955,NORMAL,"AirPods Pro",2,ACCEPTED,498.00,1.24828,0.03321,Servidor-3,"Compra completada correctamente."
972,10972,NORMAL,"PlayStation 5",2,NO_STOCK,0.00,1.26542,0.00000,Servidor-3,"Pedido rechazado: stock insuficiente."
973,10973,NORMAL,"Smart TV 55",1,NO_STOCK,0.00,1.25846,0.00000,Servidor-3,"Pedido rechazado: stock insuficiente."
945,10945,NORMAL,"AirPods Pro",2,ACCEPTED,498.00,1.26013,0.05031,Servidor-5,"Compra completada correctamente."
952,10952,NORMAL,"Robot Aspirador",1,ACCEPTED,279.99,1.27959,0.04612,Servidor-7,"Compra completada correctamente."
943,10943,NORMAL,"Smart TV 55",2,ACCEPTED,1298.00,1.25147,0.05572,Servidor-6,"Compra completada correctamente."
954,10954,NORMAL,"Kindle",1,ACCEPTED,129.99,1.25740,0.04708,Servidor-4,"Compra completada correctamente."
979,10979,NORMAL,"iPhone 16",1,NO_STOCK,0.00,1.25927,0.00000,Servidor-4,"Pedido rechazado: stock insuficiente."
981,10981,NORMAL,"PlayStation 5",1,NO_STOCK,0.00,1.27558,0.00000,Servidor-4,"Pedido rechazado: stock insuficiente."
984,10984,NORMAL,"PlayStation 5",1,NO_STOCK,0.00,1.26495,0.00000,Servidor-4,"Pedido rechazado: stock insuficiente."
985,10985,NORMAL,"PlayStation 5",1,NO_STOCK,0.00,1.24620,0.00000,Servidor-4,"Pedido rechazado: stock insuficiente."
958,10958,NORMAL,"AirPods Pro",2,ACCEPTED,498.00,1.27986,0.05660,Servidor-9,"Compra completada correctamente."
987,10987,NORMAL,"iPhone 16",1,NO_STOCK,0.00,1.27636,0.00001,Servidor-9,"Pedido rechazado: stock insuficiente."
988,10988,NORMAL,"iPhone 16",1,NO_STOCK,0.00,1.29174,0.00000,Servidor-9,"Pedido rechazado: stock insuficiente."
990,10990,NORMAL,"PlayStation 5",2,NO_STOCK,0.00,1.26990,0.00000,Servidor-9,"Pedido rechazado: stock insuficiente."
991,10991,NORMAL,"iPhone 16",1,NO_STOCK,0.00,1.25578,0.00000,Servidor-9,"Pedido rechazado: stock insuficiente."
965,10965,NORMAL,"Robot Aspirador",2,ACCEPTED,559.98,1.30164,0.04441,Servidor-1,"Compra completada correctamente."
960,10960,NORMAL,"Robot Aspirador",1,ACCEPTED,279.99,1.25607,0.05169,Servidor-11,"Compra completada correctamente."
994,10994,NORMAL,"iPhone 16",2,NO_STOCK,0.00,1.28469,0.00000,Servidor-11,"Pedido rechazado: stock insuficiente."
995,10995,NORMAL,"PlayStation 5",2,NO_STOCK,0.00,1.29763,0.00000,Servidor-11,"Pedido rechazado: stock insuficiente."
996,10996,NORMAL,"Smart TV 55",1,NO_STOCK,0.00,1.26377,0.00000,Servidor-11,"Pedido rechazado: stock insuficiente."
962,10962,NORMAL,"AirPods Pro",2,ACCEPTED,498.00,1.27034,0.04490,Servidor-12,"Compra completada correctamente."
998,10998,NORMAL,"Smart TV 55",1,NO_STOCK,0.00,1.26521,0.00000,Servidor-12,"Pedido rechazado: stock insuficiente."
999,10999,NORMAL,"MacBook Air",1,NO_STOCK,0.00,1.27087,0.00000,Servidor-12,"Pedido rechazado: stock insuficiente."
1000,11000,NORMAL,"Smart TV 55",1,NO_STOCK,0.00,1.27300,0.00000,Servidor-12,"Pedido rechazado: stock insuficiente."
964,10964,NORMAL,"Nintendo Switch",1,ACCEPTED,319.99,1.28208,0.05313,Servidor-2,"Compra completada correctamente."
1002,11002,NORMAL,"iPhone 16",1,NO_STOCK,0.00,1.26020,0.00001,Servidor-2,"Pedido rechazado: stock insuficiente."
1003,11003,NORMAL,"MacBook Air",2,NO_STOCK,0.00,1.25748,0.00000,Servidor-2,"Pedido rechazado: stock insuficiente."
976,10976,NORMAL,"AirPods Pro",2,ACCEPTED,498.00,1.28453,0.03394,Servidor-5,"Compra completada correctamente."
1005,11005,NORMAL,"MacBook Air",2,NO_STOCK,0.00,1.27454,0.00001,Servidor-5,"Pedido rechazado: stock insuficiente."
1006,11006,NORMAL,"PlayStation 5",2,NO_STOCK,0.00,1.27189,0.00000,Servidor-5,"Pedido rechazado: stock insuficiente."
1007,11007,NORMAL,"MacBook Air",2,NO_STOCK,0.00,1.29587,0.00000,Servidor-5,"Pedido rechazado: stock insuficiente."
1009,11009,NORMAL,"Smart TV 55",2,NO_STOCK,0.00,1.25176,0.00000,Servidor-5,"Pedido rechazado: stock insuficiente."
971,10971,NORMAL,"Kindle",1,ACCEPTED,129.99,1.30051,0.05592,Servidor-10,"Compra completada correctamente."
978,10978,NORMAL,"Cafetera Deluxe",1,ACCEPTED,189.99,1.26805,0.04120,Servidor-6,"Compra completada correctamente."
975,10975,NORMAL,"AirPods Pro",1,ACCEPTED,249.00,1.27505,0.04915,Servidor-3,"Compra completada correctamente."
1014,11014,NORMAL,"PlayStation 5",2,NO_STOCK,0.00,1.25770,0.00000,Servidor-3,"Pedido rechazado: stock insuficiente."
970,10970,NORMAL,"Smart TV 55",1,PAYMENT_ERROR,0.00,1.27602,0.06261,Servidor-8,"Pedido cancelado: fallo en la pasarela de pago."
977,10977,NORMAL,"Robot Aspirador",2,ACCEPTED,559.98,1.30232,0.05605,Servidor-7,"Compra completada correctamente."
986,10986,NORMAL,"Kindle",1,ACCEPTED,129.99,1.26965,0.05191,Servidor-4,"Compra completada correctamente."
1020,11020,NORMAL,"iPhone 16",2,NO_STOCK,0.00,1.26652,0.00001,Servidor-4,"Pedido rechazado: stock insuficiente."
997,10997,NORMAL,"Nintendo Switch",2,PAYMENT_ERROR,0.00,1.25419,0.03722,Servidor-11,"Pedido cancelado: fallo en la pasarela de pago."
1022,11022,NORMAL,"PlayStation 5",1,NO_STOCK,0.00,1.26709,0.00001,Servidor-11,"Pedido rechazado: stock insuficiente."
1024,11024,NORMAL,"MacBook Air",2,NO_STOCK,0.00,1.28619,0.00000,Servidor-11,"Pedido rechazado: stock insuficiente."
1025,11025,NORMAL,"iPhone 16",1,NO_STOCK,0.00,1.28915,0.00000,Servidor-11,"Pedido rechazado: stock insuficiente."
1011,11011,NORMAL,"AirPods Pro",1,ACCEPTED,249.00,1.27662,0.02076,Servidor-10,"Compra completada correctamente."
1028,11028,NORMAL,"iPhone 16",2,NO_STOCK,0.00,1.26328,0.00001,Servidor-10,"Pedido rechazado: stock insuficiente."
992,10992,NORMAL,"Nintendo Switch",2,ACCEPTED,639.98,1.27296,0.04599,Servidor-9,"Compra completada correctamente."
1001,11001,NORMAL,"Nintendo Switch",2,ACCEPTED,639.98,1.29306,0.04359,Servidor-12,"Compra completada correctamente."
993,10993,NORMAL,"Cafetera Deluxe",2,ACCEPTED,379.98,1.27594,0.04893,Servidor-1,"Compra completada correctamente."
1033,11033,NORMAL,"iPhone 16",2,NO_STOCK,0.00,1.25380,0.00001,Servidor-1,"Pedido rechazado: stock insuficiente."
1016,11016,NORMAL,"AirPods Pro",2,ACCEPTED,498.00,1.26153,0.03378,Servidor-8,"Compra completada correctamente."
1030,11030,NORMAL,"AirPods Pro",2,ACCEPTED,498.00,1.28108,0.01925,Servidor-10,"Compra completada correctamente."
1036,11036,NORMAL,"iPhone 16",2,NO_STOCK,0.00,1.29125,0.00000,Servidor-10,"Pedido rechazado: stock insuficiente."
1004,11004,NORMAL,"Nintendo Switch",2,ACCEPTED,639.98,1.26182,0.05468,Servidor-2,"Compra completada correctamente."
1015,11015,NORMAL,"Robot Aspirador",1,ACCEPTED,279.99,1.25420,0.04201,Servidor-3,"Compra completada correctamente."
1042,11042,NORMAL,"PlayStation 5",2,NO_STOCK,0.00,1.28451,0.00001,Servidor-3,"Pedido rechazado: stock insuficiente."
1010,11010,NORMAL,"AirPods Pro",2,ACCEPTED,498.00,1.24965,0.05580,Servidor-5,"Compra completada correctamente."
1044,11044,NORMAL,"Smart TV 55",2,NO_STOCK,0.00,1.25883,0.00001,Servidor-5,"Pedido rechazado: stock insuficiente."
1019,11019,NORMAL,"AirPods Pro",1,ACCEPTED,249.00,1.29738,0.04979,Servidor-7,"Compra completada correctamente."
1046,11046,NORMAL,"Smart TV 55",2,NO_STOCK,0.00,1.27280,0.00001,Servidor-7,"Pedido rechazado: stock insuficiente."
1048,11048,NORMAL,"PlayStation 5",1,NO_STOCK,0.00,1.29030,0.00000,Servidor-7,"Pedido rechazado: stock insuficiente."
1049,11049,NORMAL,"iPhone 16",2,NO_STOCK,0.00,1.30518,0.00000,Servidor-7,"Pedido rechazado: stock insuficiente."
1051,11051,NORMAL,"PlayStation 5",2,NO_STOCK,0.00,1.26714,0.00000,Servidor-7,"Pedido rechazado: stock insuficiente."
1052,11052,NORMAL,"PlayStation 5",2,NO_STOCK,0.00,1.27068,0.00000,Servidor-7,"Pedido rechazado: stock insuficiente."
1021,11021,NORMAL,"AirPods Pro",2,ACCEPTED,498.00,1.25668,0.04846,Servidor-4,"Compra completada correctamente."
1054,11054,NORMAL,"iPhone 16",1,NO_STOCK,0.00,1.29009,0.00001,Servidor-4,"Pedido rechazado: stock insuficiente."
1055,11055,NORMAL,"Nintendo Switch",2,NO_STOCK,0.00,1.29909,0.00000,Servidor-4,"Pedido rechazado: stock insuficiente."
1013,11013,NORMAL,"Nintendo Switch",2,ACCEPTED,639.98,1.29866,0.06291,Servidor-6,"Compra completada correctamente."
1058,11058,NORMAL,"iPhone 16",1,NO_STOCK,0.00,1.26925,0.00000,Servidor-6,"Pedido rechazado: stock insuficiente."
1059,11059,NORMAL,"Smart TV 55",2,NO_STOCK,0.00,1.27184,0.00000,Servidor-6,"Pedido rechazado: stock insuficiente."
1060,11060,NORMAL,"PlayStation 5",1,NO_STOCK,0.00,1.28522,0.00000,Servidor-6,"Pedido rechazado: stock insuficiente."
1027,11027,NORMAL,"Nintendo Switch",2,ACCEPTED,639.98,1.24536,0.05362,Servidor-11,"Compra completada correctamente."
1062,11062,NORMAL,"MacBook Air",1,NO_STOCK,0.00,1.26050,0.00001,Servidor-11,"Pedido rechazado: stock insuficiente."
1035,11035,NORMAL,"AirPods Pro",1,ACCEPTED,249.00,1.27681,0.03392,Servidor-8,"Compra completada correctamente."
1064,11064,NORMAL,"MacBook Air",1,NO_STOCK,0.00,1.27112,0.00000,Servidor-8,"Pedido rechazado: stock insuficiente."
1065,11065,NORMAL,"PlayStation 5",1,NO_STOCK,0.00,1.26817,0.00000,Servidor-8,"Pedido rechazado: stock insuficiente."
1066,11066,NORMAL,"Nintendo Switch",2,NO_STOCK,0.00,1.28652,0.00000,Servidor-8,"Pedido rechazado: stock insuficiente."
1068,11068,NORMAL,"iPhone 16",2,NO_STOCK,0.00,1.25542,0.00000,Servidor-8,"Pedido rechazado: stock insuficiente."
1069,11069,NORMAL,"Smart TV 55",1,NO_STOCK,0.00,1.24425,0.00000,Servidor-8,"Pedido rechazado: stock insuficiente."
1070,11070,NORMAL,"PlayStation 5",2,NO_STOCK,0.00,1.26296,0.00000,Servidor-8,"Pedido rechazado: stock insuficiente."
1071,11071,NORMAL,"PlayStation 5",1,NO_STOCK,0.00,1.25429,0.00000,Servidor-8,"Pedido rechazado: stock insuficiente."
1072,11072,NORMAL,"PlayStation 5",2,NO_STOCK,0.00,1.27760,0.00000,Servidor-8,"Pedido rechazado: stock insuficiente."
1031,11031,NORMAL,"AirPods Pro",1,ACCEPTED,249.00,1.28114,0.05192,Servidor-9,"Compra completada correctamente."
1074,11074,NORMAL,"MacBook Air",2,NO_STOCK,0.00,1.24829,0.00000,Servidor-9,"Pedido rechazado: stock insuficiente."
1075,11075,NORMAL,"Nintendo Switch",1,NO_STOCK,0.00,1.24263,0.00000,Servidor-9,"Pedido rechazado: stock insuficiente."
1032,11032,NORMAL,"AirPods Pro",1,ACCEPTED,249.00,1.25936,0.05840,Servidor-12,"Compra completada correctamente."
1039,11039,NORMAL,"Robot Aspirador",1,ACCEPTED,279.99,1.25962,0.04269,Servidor-10,"Compra completada correctamente."
1041,11041,NORMAL,"AirPods Pro",2,ACCEPTED,498.00,1.27573,0.04337,Servidor-2,"Compra completada correctamente."
1034,11034,NORMAL,"Nintendo Switch",2,ACCEPTED,639.98,1.26272,0.05782,Servidor-1,"Compra completada correctamente."
1080,11080,NORMAL,"PlayStation 5",1,NO_STOCK,0.00,1.24884,0.00001,Servidor-1,"Pedido rechazado: stock insuficiente."
1081,11081,NORMAL,"PlayStation 5",1,NO_STOCK,0.00,1.24901,0.00000,Servidor-1,"Pedido rechazado: stock insuficiente."
1082,11082,NORMAL,"iPhone 16",1,NO_STOCK,0.00,1.25748,0.00000,Servidor-1,"Pedido rechazado: stock insuficiente."
1083,11083,NORMAL,"Smart TV 55",1,NO_STOCK,0.00,1.25757,0.00000,Servidor-1,"Pedido rechazado: stock insuficiente."
1084,11084,NORMAL,"iPhone 16",1,NO_STOCK,0.00,1.26871,0.00000,Servidor-1,"Pedido rechazado: stock insuficiente."
1085,11085,NORMAL,"Smart TV 55",1,NO_STOCK,0.00,1.28397,0.00000,Servidor-1,"Pedido rechazado: stock insuficiente."
1086,11086,NORMAL,"PlayStation 5",2,NO_STOCK,0.00,1.23680,0.00000,Servidor-1,"Pedido rechazado: stock insuficiente."
1087,11087,NORMAL,"iPhone 16",1,NO_STOCK,0.00,1.24207,0.00000,Servidor-1,"Pedido rechazado: stock insuficiente."
1088,11088,NORMAL,"PlayStation 5",1,NO_STOCK,0.00,1.24417,0.00000,Servidor-1,"Pedido rechazado: stock insuficiente."
1089,11089,NORMAL,"MacBook Air",1,NO_STOCK,0.00,1.25134,0.00000,Servidor-1,"Pedido rechazado: stock insuficiente."
1091,11091,NORMAL,"MacBook Air",1,NO_STOCK,0.00,1.27635,0.00000,Servidor-1,"Pedido rechazado: stock insuficiente."
1043,11043,NORMAL,"Nintendo Switch",1,ACCEPTED,319.99,1.29404,0.04461,Servidor-3,"Compra completada correctamente."
1045,11045,NORMAL,"Robot Aspirador",2,ACCEPTED,559.98,1.25910,0.05164,Servidor-5,"Compra completada correctamente."
1053,11053,NORMAL,"Kindle",1,ACCEPTED,129.99,1.27889,0.03816,Servidor-7,"Compra completada correctamente."
1073,11073,NORMAL,"Robot Aspirador",1,ACCEPTED,279.99,1.28130,0.03161,Servidor-8,"Compra completada correctamente."
1096,11096,NORMAL,"iPhone 16",1,NO_STOCK,0.00,1.27182,0.00000,Servidor-8,"Pedido rechazado: stock insuficiente."
1099,11099,NORMAL,"Smart TV 55",1,NO_STOCK,0.00,1.24210,0.00000,Servidor-8,"Pedido rechazado: stock insuficiente."
1057,11057,NORMAL,"AirPods Pro",2,ACCEPTED,498.00,1.25976,0.04233,Servidor-4,"Compra completada correctamente."
1102,11102,NORMAL,"Nintendo Switch",2,NO_STOCK,0.00,1.26857,0.00000,Servidor-4,"Pedido rechazado: stock insuficiente."
1104,11104,NORMAL,"MacBook Air",2,NO_STOCK,0.00,1.23439,0.00000,Servidor-4,"Pedido rechazado: stock insuficiente."
1061,11061,NORMAL,"AirPods Pro",2,ACCEPTED,498.00,1.28733,0.04662,Servidor-6,"Compra completada correctamente."
1106,11106,NORMAL,"Smart TV 55",2,NO_STOCK,0.00,1.25525,0.00003,Servidor-6,"Pedido rechazado: stock insuficiente."
1077,11077,NORMAL,"AirPods Pro",1,ACCEPTED,249.00,1.25867,0.03190,Servidor-12,"Compra completada correctamente."
1109,11109,NORMAL,"iPhone 16",1,NO_STOCK,0.00,1.27134,0.00000,Servidor-12,"Pedido rechazado: stock insuficiente."
1110,11110,NORMAL,"PlayStation 5",2,NO_STOCK,0.00,1.23384,0.00000,Servidor-12,"Pedido rechazado: stock insuficiente."
1111,11111,NORMAL,"Nintendo Switch",2,NO_STOCK,0.00,1.22428,0.00000,Servidor-12,"Pedido rechazado: stock insuficiente."
1112,11112,NORMAL,"PlayStation 5",1,NO_STOCK,0.00,1.24853,0.00000,Servidor-12,"Pedido rechazado: stock insuficiente."
1092,11092,NORMAL,"AirPods Pro",2,ACCEPTED,498.00,1.22356,0.02986,Servidor-1,"Compra completada correctamente."
1114,11114,NORMAL,"Nintendo Switch",1,NO_STOCK,0.00,1.26375,0.00000,Servidor-1,"Pedido rechazado: stock insuficiente."
1115,11115,NORMAL,"Smart TV 55",1,NO_STOCK,0.00,1.27115,0.00000,Servidor-1,"Pedido rechazado: stock insuficiente."
1116,11116,NORMAL,"PlayStation 5",1,NO_STOCK,0.00,1.22705,0.00000,Servidor-1,"Pedido rechazado: stock insuficiente."
1117,11117,NORMAL,"Smart TV 55",1,NO_STOCK,0.00,1.22365,0.00000,Servidor-1,"Pedido rechazado: stock insuficiente."
1118,11118,NORMAL,"iPhone 16",1,NO_STOCK,0.00,1.24160,0.00000,Servidor-1,"Pedido rechazado: stock insuficiente."
1119,11119,NORMAL,"iPhone 16",1,NO_STOCK,0.00,1.24183,0.00000,Servidor-1,"Pedido rechazado: stock insuficiente."
1120,11120,NORMAL,"MacBook Air",1,NO_STOCK,0.00,1.25353,0.00000,Servidor-1,"Pedido rechazado: stock insuficiente."
1076,11076,NORMAL,"Robot Aspirador",1,ACCEPTED,279.99,1.25577,0.04483,Servidor-9,"Compra completada correctamente."
1122,11122,NORMAL,"iPhone 16",1,NO_STOCK,0.00,1.21969,0.00000,Servidor-9,"Pedido rechazado: stock insuficiente."
1123,11123,NORMAL,"Smart TV 55",1,NO_STOCK,0.00,1.22128,0.00000,Servidor-9,"Pedido rechazado: stock insuficiente."
1124,11124,NORMAL,"PlayStation 5",2,NO_STOCK,0.00,1.23323,0.00000,Servidor-9,"Pedido rechazado: stock insuficiente."
1126,11126,NORMAL,"Smart TV 55",2,NO_STOCK,0.00,1.24452,0.00000,Servidor-9,"Pedido rechazado: stock insuficiente."
1128,11128,NORMAL,"iPhone 16",2,NO_STOCK,0.00,1.20658,0.00000,Servidor-9,"Pedido rechazado: stock insuficiente."
1129,11129,NORMAL,"PlayStation 5",1,NO_STOCK,0.00,1.21452,0.00001,Servidor-9,"Pedido rechazado: stock insuficiente."
1130,11130,NORMAL,"Nintendo Switch",1,NO_STOCK,0.00,1.22124,0.00000,Servidor-9,"Pedido rechazado: stock insuficiente."
1079,11079,NORMAL,"Kindle",2,ACCEPTED,259.98,1.28943,0.03576,Servidor-2,"Compra completada correctamente."
1094,11094,NORMAL,"Kindle",1,ACCEPTED,129.99,1.25213,0.03015,Servidor-5,"Compra completada correctamente."
1133,11133,NORMAL,"PlayStation 5",1,NO_STOCK,0.00,1.26222,0.00000,Servidor-5,"Pedido rechazado: stock insuficiente."
1078,11078,NORMAL,"Robot Aspirador",2,ACCEPTED,559.98,1.27657,0.04573,Servidor-10,"Compra completada correctamente."
1135,11135,NORMAL,"iPhone 16",1,NO_STOCK,0.00,1.21422,0.00000,Servidor-10,"Pedido rechazado: stock insuficiente."
1136,11136,NORMAL,"MacBook Air",1,NO_STOCK,0.00,1.22614,0.00000,Servidor-10,"Pedido rechazado: stock insuficiente."
1137,11137,NORMAL,"PlayStation 5",2,NO_STOCK,0.00,1.22952,0.00000,Servidor-10,"Pedido rechazado: stock insuficiente."
1138,11138,NORMAL,"PlayStation 5",2,NO_STOCK,0.00,1.23488,0.00000,Servidor-10,"Pedido rechazado: stock insuficiente."
1139,11139,NORMAL,"Smart TV 55",2,NO_STOCK,0.00,1.25283,0.00000,Servidor-10,"Pedido rechazado: stock insuficiente."
1140,11140,NORMAL,"Smart TV 55",1,NO_STOCK,0.00,1.20730,0.00000,Servidor-10,"Pedido rechazado: stock insuficiente."
1141,11141,NORMAL,"MacBook Air",2,NO_STOCK,0.00,1.20286,0.00000,Servidor-10,"Pedido rechazado: stock insuficiente."
1142,11142,NORMAL,"Smart TV 55",1,NO_STOCK,0.00,1.22158,0.00000,Servidor-10,"Pedido rechazado: stock insuficiente."
1093,11093,NORMAL,"Robot Aspirador",1,ACCEPTED,279.99,1.23619,0.04714,Servidor-3,"Compra completada correctamente."
1144,11144,NORMAL,"Nintendo Switch",1,NO_STOCK,0.00,1.23789,0.00001,Servidor-3,"Pedido rechazado: stock insuficiente."
1107,11107,NORMAL,"Robot Aspirador",2,ACCEPTED,559.98,1.24398,0.02712,Servidor-6,"Compra completada correctamente."
1095,11095,NORMAL,"AirPods Pro",1,ACCEPTED,249.00,1.25536,0.04289,Servidor-7,"Compra completada correctamente."
1148,11148,NORMAL,"Nintendo Switch",1,NO_STOCK,0.00,1.23011,0.00001,Servidor-7,"Pedido rechazado: stock insuficiente."
1149,11149,NORMAL,"Smart TV 55",2,NO_STOCK,0.00,1.22096,0.00000,Servidor-7,"Pedido rechazado: stock insuficiente."
1113,11113,NORMAL,"AirPods Pro",1,ACCEPTED,249.00,1.24362,0.03305,Servidor-12,"Compra completada correctamente."
1151,11151,NORMAL,"MacBook Air",2,NO_STOCK,0.00,1.24709,0.00001,Servidor-12,"Pedido rechazado: stock insuficiente."
1101,11101,NORMAL,"AirPods Pro",1,ACCEPTED,249.00,1.24976,0.04476,Servidor-8,"Compra completada correctamente."
1153,11153,NORMAL,"PlayStation 5",2,NO_STOCK,0.00,1.19919,0.00001,Servidor-8,"Pedido rechazado: stock insuficiente."
1105,11105,NORMAL,"AirPods Pro",2,ACCEPTED,498.00,1.23225,0.04252,Servidor-4,"Compra completada correctamente."
1155,11155,NORMAL,"Nintendo Switch",2,NO_STOCK,0.00,1.22502,0.00000,Servidor-4,"Pedido rechazado: stock insuficiente."
1156,11156,NORMAL,"Nintendo Switch",1,NO_STOCK,0.00,1.23570,0.00000,Servidor-4,"Pedido rechazado: stock insuficiente."
1121,11121,NORMAL,"Kindle",1,ACCEPTED,129.99,1.26682,0.03662,Servidor-1,"Compra completada correctamente."
1158,11158,NORMAL,"PlayStation 5",2,NO_STOCK,0.00,1.21058,0.00001,Servidor-1,"Pedido rechazado: stock insuficiente."
1134,11134,NORMAL,"AirPods Pro",2,ACCEPTED,498.00,1.21181,0.02911,Servidor-5,"Compra completada correctamente."
1160,11160,NORMAL,"Smart TV 55",1,NO_STOCK,0.00,1.22626,0.00000,Servidor-5,"Pedido rechazado: stock insuficiente."
1161,11161,NORMAL,"MacBook Air",2,NO_STOCK,0.00,1.22696,0.00000,Servidor-5,"Pedido rechazado: stock insuficiente."
1162,11162,NORMAL,"iPhone 16",2,NO_STOCK,0.00,1.23208,0.00000,Servidor-5,"Pedido rechazado: stock insuficiente."
1163,11163,NORMAL,"PlayStation 5",1,NO_STOCK,0.00,1.24973,0.00000,Servidor-5,"Pedido rechazado: stock insuficiente."
1063,11063,NORMAL,"Smart TV 55",1,ACCEPTED,649.00,1.25304,0.09107,Servidor-11,"Compra completada correctamente."
1165,11165,NORMAL,"iPhone 16",1,NO_STOCK,0.00,1.20210,0.00001,Servidor-11,"Pedido rechazado: stock insuficiente."
1131,11131,NORMAL,"AirPods Pro",1,ACCEPTED,249.00,1.23134,0.04521,Servidor-9,"Compra completada correctamente."
1167,11167,NORMAL,"PlayStation 5",1,NO_STOCK,0.00,1.22856,0.00001,Servidor-9,"Pedido rechazado: stock insuficiente."
1169,11169,NORMAL,"Smart TV 55",1,NO_STOCK,0.00,1.25134,0.00000,Servidor-9,"Pedido rechazado: stock insuficiente."
1171,11171,NORMAL,"Smart TV 55",2,NO_STOCK,0.00,1.19773,0.00000,Servidor-9,"Pedido rechazado: stock insuficiente."
1172,11172,NORMAL,"PlayStation 5",2,NO_STOCK,0.00,1.21046,0.00000,Servidor-9,"Pedido rechazado: stock insuficiente."
1146,11146,NORMAL,"Kindle",1,ACCEPTED,129.99,1.21031,0.03457,Servidor-3,"Compra completada correctamente."
1174,11174,NORMAL,"MacBook Air",2,NO_STOCK,0.00,1.22019,0.00001,Servidor-3,"Pedido rechazado: stock insuficiente."
1175,11175,NORMAL,"Smart TV 55",1,NO_STOCK,0.00,1.24900,0.00000,Servidor-3,"Pedido rechazado: stock insuficiente."
1176,11176,NORMAL,"Nintendo Switch",2,NO_STOCK,0.00,1.20082,0.00000,Servidor-3,"Pedido rechazado: stock insuficiente."
1177,11177,NORMAL,"PlayStation 5",1,NO_STOCK,0.00,1.19457,0.00000,Servidor-3,"Pedido rechazado: stock insuficiente."
1178,11178,NORMAL,"AirPods Pro",1,NO_STOCK,0.00,1.21321,0.00000,Servidor-3,"Pedido rechazado: stock insuficiente."
1179,11179,NORMAL,"Smart TV 55",1,NO_STOCK,0.00,1.21651,0.00000,Servidor-3,"Pedido rechazado: stock insuficiente."
1180,11180,NORMAL,"AirPods Pro",1,NO_STOCK,0.00,1.21650,0.00000,Servidor-3,"Pedido rechazado: stock insuficiente."
1182,11182,NORMAL,"Nintendo Switch",1,NO_STOCK,0.00,1.19651,0.00000,Servidor-3,"Pedido rechazado: stock insuficiente."
1185,11185,NORMAL,"PlayStation 5",2,NO_STOCK,0.00,1.20554,0.00000,Servidor-3,"Pedido rechazado: stock insuficiente."
1186,11186,NORMAL,"Smart TV 55",2,NO_STOCK,0.00,1.21113,0.00000,Servidor-3,"Pedido rechazado: stock insuficiente."
1143,11143,NORMAL,"Kindle",2,ACCEPTED,259.98,1.21851,0.04818,Servidor-10,"Compra completada correctamente."
1188,11188,NORMAL,"iPhone 16",1,NO_STOCK,0.00,1.19591,0.00001,Servidor-10,"Pedido rechazado: stock insuficiente."
1189,11189,NORMAL,"Nintendo Switch",1,NO_STOCK,0.00,1.17740,0.00000,Servidor-10,"Pedido rechazado: stock insuficiente."
1190,11190,NORMAL,"AirPods Pro",1,NO_STOCK,0.00,1.20612,0.00000,Servidor-10,"Pedido rechazado: stock insuficiente."
1191,11191,NORMAL,"Smart TV 55",1,NO_STOCK,0.00,1.19652,0.00000,Servidor-10,"Pedido rechazado: stock insuficiente."
1192,11192,NORMAL,"Smart TV 55",1,NO_STOCK,0.00,1.20921,0.00002,Servidor-10,"Pedido rechazado: stock insuficiente."
1132,11132,NORMAL,"Robot Aspirador",2,ACCEPTED,559.98,1.23273,0.05433,Servidor-2,"Compra completada correctamente."
1195,11195,NORMAL,"iPhone 16",2,NO_STOCK,0.00,1.17489,0.00000,Servidor-2,"Pedido rechazado: stock insuficiente."
1196,11196,NORMAL,"iPhone 16",2,NO_STOCK,0.00,1.19706,0.00000,Servidor-2,"Pedido rechazado: stock insuficiente."
1197,11197,NORMAL,"MacBook Air",2,NO_STOCK,0.00,1.19358,0.00000,Servidor-2,"Pedido rechazado: stock insuficiente."
1198,11198,NORMAL,"AirPods Pro",2,NO_STOCK,0.00,1.20007,0.00000,Servidor-2,"Pedido rechazado: stock insuficiente."
1199,11199,NORMAL,"iPhone 16",2,NO_STOCK,0.00,1.21868,0.00000,Servidor-2,"Pedido rechazado: stock insuficiente."
1200,11200,NORMAL,"AirPods Pro",1,NO_STOCK,0.00,1.17858,0.00000,Servidor-2,"Pedido rechazado: stock insuficiente."
21,10021,BOT,"PlayStation 5",2,BOT_BLOCKED,0.00,2.79854,0.00244,Servidor-2,"Pedido bloqueado por actividad sospechosa de bot/reventa."
1150,11150,NORMAL,"AirPods Pro",1,ACCEPTED,249.00,1.23723,0.03799,Servidor-7,"Compra completada correctamente."
35,10035,BOT,"PlayStation 5",2,BOT_BLOCKED,0.00,2.79408,0.00339,Servidor-2,"Pedido bloqueado por actividad sospechosa de bot/reventa."
43,10043,BOT,"AirPods Pro",2,BOT_BLOCKED,0.00,2.76915,0.00407,Servidor-7,"Pedido bloqueado por actividad sospechosa de bot/reventa."
1157,11157,NORMAL,"Kindle",1,ACCEPTED,129.99,1.24715,0.03576,Servidor-4,"Compra completada correctamente."
1147,11147,NORMAL,"AirPods Pro",1,ACCEPTED,249.00,1.20258,0.04702,Servidor-6,"Compra completada correctamente."
1152,11152,NORMAL,"Robot Aspirador",2,ACCEPTED,559.98,1.21344,0.03913,Servidor-12,"Compra completada correctamente."
49,10049,BOT,"AirPods Pro",2,BOT_BLOCKED,0.00,2.75637,0.00388,Servidor-2,"Pedido bloqueado por actividad sospechosa de bot/reventa."
61,10061,BOT,"Smart TV 55",2,BOT_BLOCKED,0.00,2.75088,0.00228,Servidor-7,"Pedido bloqueado por actividad sospechosa de bot/reventa."
141,10141,BOT,"iPhone 16",2,BOT_BLOCKED,0.00,2.64496,0.00189,Servidor-7,"Pedido bloqueado por actividad sospechosa de bot/reventa."
79,10079,BOT,"iPhone 16",1,BOT_BLOCKED,0.00,2.72595,0.00412,Servidor-6,"Pedido bloqueado por actividad sospechosa de bot/reventa."
64,10064,BOT,"iPhone 16",2,BOT_BLOCKED,0.00,2.74827,0.00452,Servidor-4,"Pedido bloqueado por actividad sospechosa de bot/reventa."
129,10129,BOT,"Nintendo Switch",2,BOT_BLOCKED,0.00,2.65124,0.00414,Servidor-12,"Pedido bloqueado por actividad sospechosa de bot/reventa."
132,10132,BOT,"iPhone 16",2,BOT_BLOCKED,0.00,2.65995,0.00379,Servidor-2,"Pedido bloqueado por actividad sospechosa de bot/reventa."
156,10156,BOT,"iPhone 16",2,BOT_BLOCKED,0.00,2.62876,0.00166,Servidor-7,"Pedido bloqueado por actividad sospechosa de bot/reventa."
1159,11159,NORMAL,"Kindle",2,ACCEPTED,259.98,1.19885,0.03834,Servidor-1,"Compra completada correctamente."
187,10187,BOT,"Nintendo Switch",2,BOT_BLOCKED,0.00,2.58336,0.00207,Servidor-4,"Pedido bloqueado por actividad sospechosa de bot/reventa."
174,10174,BOT,"AirPods Pro",2,BOT_BLOCKED,0.00,2.60962,0.00260,Servidor-6,"Pedido bloqueado por actividad sospechosa de bot/reventa."
263,10263,BOT,"Robot Aspirador",2,BOT_BLOCKED,0.00,2.50464,0.00177,Servidor-1,"Pedido bloqueado por actividad sospechosa de bot/reventa."
203,10203,BOT,"AirPods Pro",2,BOT_BLOCKED,0.00,2.57568,0.00329,Servidor-12,"Pedido bloqueado por actividad sospechosa de bot/reventa."
228,10228,BOT,"MacBook Air",2,BOT_BLOCKED,0.00,2.52598,0.00452,Servidor-2,"Pedido bloqueado por actividad sospechosa de bot/reventa."
311,10311,BOT,"iPhone 16",2,BOT_BLOCKED,0.00,2.44490,0.00221,Servidor-6,"Pedido bloqueado por actividad sospechosa de bot/reventa."
351,10351,BOT,"Nintendo Switch",2,BOT_BLOCKED,0.00,2.36195,0.00270,Servidor-12,"Pedido bloqueado por actividad sospechosa de bot/reventa."
230,10230,BOT,"MacBook Air",2,BOT_BLOCKED,0.00,2.51690,0.00491,Servidor-7,"Pedido bloqueado por actividad sospechosa de bot/reventa."
1154,11154,NORMAL,"Robot Aspirador",2,ACCEPTED,559.98,1.22803,0.04681,Servidor-8,"Compra completada correctamente."
334,10334,BOT,"PlayStation 5",1,BOT_BLOCKED,0.00,2.39179,0.00315,Servidor-1,"Pedido bloqueado por actividad sospechosa de bot/reventa."
272,10272,BOT,"Kindle",2,BOT_BLOCKED,0.00,2.46166,0.00437,Servidor-4,"Pedido bloqueado por actividad sospechosa de bot/reventa."
379,10379,BOT,"iPhone 16",2,BOT_BLOCKED,0.00,2.30882,0.00177,Servidor-2,"Pedido bloqueado por actividad sospechosa de bot/reventa."
501,10501,BOT,"Smart TV 55",2,BOT_BLOCKED,0.00,2.14921,0.00141,Servidor-7,"Pedido bloqueado por actividad sospechosa de bot/reventa."
603,10603,BOT,"iPhone 16",2,BOT_BLOCKED,0.00,2.02025,0.00271,Servidor-2,"Pedido bloqueado por actividad sospechosa de bot/reventa."
681,10681,BOT,"AirPods Pro",1,NO_STOCK,0.00,1.90996,0.00001,Servidor-2,"Pedido rechazado: stock insuficiente."
510,10510,BOT,"MacBook Air",2,BOT_BLOCKED,0.00,2.13572,0.00420,Servidor-8,"Pedido bloqueado por actividad sospechosa de bot/reventa."
705,10705,BOT,"iPhone 16",2,BOT_BLOCKED,0.00,1.87805,0.00140,Servidor-2,"Pedido bloqueado por actividad sospechosa de bot/reventa."
581,10581,BOT,"iPhone 16",2,BOT_BLOCKED,0.00,2.08298,0.00439,Servidor-1,"Pedido bloqueado por actividad sospechosa de bot/reventa."
476,10476,BOT,"MacBook Air",2,BOT_BLOCKED,0.00,2.18964,0.00470,Servidor-12,"Pedido bloqueado por actividad sospechosa de bot/reventa."
636,10636,BOT,"PlayStation 5",2,BOT_BLOCKED,0.00,1.96791,0.00449,Servidor-7,"Pedido bloqueado por actividad sospechosa de bot/reventa."
791,10791,BOT,"MacBook Air",2,BOT_BLOCKED,0.00,1.80237,0.00161,Servidor-1,"Pedido bloqueado por actividad sospechosa de bot/reventa."
751,10751,BOT,"iPhone 16",2,BOT_BLOCKED,0.00,1.80345,0.00172,Servidor-2,"Pedido bloqueado por actividad sospechosa de bot/reventa."
746,10746,BOT,"PlayStation 5",2,BOT_BLOCKED,0.00,1.83734,0.00311,Servidor-8,"Pedido bloqueado por actividad sospechosa de bot/reventa."
1173,11173,NORMAL,"Robot Aspirador",2,ACCEPTED,559.98,1.22087,0.03935,Servidor-9,"Compra completada correctamente."
794,10794,BOT,"MacBook Air",2,BOT_BLOCKED,0.00,1.76705,0.00401,Servidor-12,"Pedido bloqueado por actividad sospechosa de bot/reventa."
820,10820,BOT,"AirPods Pro",2,BOT_BLOCKED,0.00,1.75680,0.00269,Servidor-7,"Pedido bloqueado por actividad sospechosa de bot/reventa."
836,10836,BOT,"Smart TV 55",2,BOT_BLOCKED,0.00,1.70826,0.00405,Servidor-1,"Pedido bloqueado por actividad sospechosa de bot/reventa."
849,10849,BOT,"AirPods Pro",2,BOT_BLOCKED,0.00,1.69774,0.00319,Servidor-8,"Pedido bloqueado por actividad sospechosa de bot/reventa."
865,10865,BOT,"iPhone 16",2,BOT_BLOCKED,0.00,1.65581,0.00482,Servidor-9,"Pedido bloqueado por actividad sospechosa de bot/reventa."
934,10934,BOT,"AirPods Pro",1,NO_STOCK,0.00,1.60159,0.00001,Servidor-9,"Pedido rechazado: stock insuficiente."
901,10901,BOT,"PlayStation 5",2,BOT_BLOCKED,0.00,1.61093,0.00399,Servidor-7,"Pedido bloqueado por actividad sospechosa de bot/reventa."
910,10910,BOT,"AirPods Pro",2,BOT_BLOCKED,0.00,1.63845,0.00278,Servidor-1,"Pedido bloqueado por actividad sospechosa de bot/reventa."
886,10886,BOT,"AirPods Pro",2,BOT_BLOCKED,0.00,1.65954,0.00451,Servidor-12,"Pedido bloqueado por actividad sospechosa de bot/reventa."
1012,11012,BOT,"PlayStation 5",2,BOT_BLOCKED,0.00,1.48900,0.00148,Servidor-1,"Pedido bloqueado por actividad sospechosa de bot/reventa."
1164,11164,NORMAL,"Kindle",2,ACCEPTED,259.98,1.20248,0.05449,Servidor-5,"Compra completada correctamente."
974,10974,BOT,"PlayStation 5",1,BOT_BLOCKED,0.00,1.52717,0.00199,Servidor-7,"Pedido bloqueado por actividad sospechosa de bot/reventa."
1166,11166,NORMAL,"Cafetera Deluxe",2,ACCEPTED,379.98,1.21915,0.04962,Servidor-11,"Compra completada correctamente."
918,10918,BOT,"iPhone 16",2,BOT_BLOCKED,0.00,1.59095,0.00411,Servidor-8,"Pedido bloqueado por actividad sospechosa de bot/reventa."
1097,11097,BOT,"iPhone 16",2,BOT_BLOCKED,0.00,1.39078,0.00377,Servidor-12,"Pedido bloqueado por actividad sospechosa de bot/reventa."
1125,11125,BOT,"PlayStation 5",2,BOT_BLOCKED,0.00,1.33094,0.00257,Servidor-1,"Pedido bloqueado por actividad sospechosa de bot/reventa."
966,10966,BOT,"PlayStation 5",2,BOT_BLOCKED,0.00,1.52450,0.00455,Servidor-9,"Pedido bloqueado por actividad sospechosa de bot/reventa."
1184,11184,BOT,"MacBook Air",2,BOT_BLOCKED,0.00,1.24894,0.00235,Servidor-8,"Pedido bloqueado por actividad sospechosa de bot/reventa."
1181,11181,BOT,"Kindle",2,BOT_BLOCKED,0.00,1.28065,0.00392,Servidor-7,"Pedido bloqueado por actividad sospechosa de bot/reventa."
1183,11183,BOT,"PlayStation 5",2,BOT_BLOCKED,0.00,1.22562,0.00402,Servidor-11,"Pedido bloqueado por actividad sospechosa de bot/reventa."
1170,11170,BOT,"MacBook Air",2,BOT_BLOCKED,0.00,1.24423,0.00417,Servidor-5,"Pedido bloqueado por actividad sospechosa de bot/reventa."
1194,11194,BOT,"Smart TV 55",2,BOT_BLOCKED,0.00,1.22642,0.00335,Servidor-12,"Pedido bloqueado por actividad sospechosa de bot/reventa."
1187,11187,NORMAL,"Cafetera Deluxe",2,ACCEPTED,379.98,1.22824,0.04623,Servidor-3,"Compra completada correctamente."
1193,11193,NORMAL,"Robot Aspirador",2,ACCEPTED,559.98,1.22173,0.04761,Servidor-10,"Compra completada correctamente."
468,10468,BOT,"Robot Aspirador",2,ACCEPTED,559.98,2.20073,0.02908,Servidor-6,"Compra completada correctamente."
588,10588,BOT,"Cafetera Deluxe",2,ACCEPTED,379.98,2.03714,0.03603,Servidor-4,"Compra completada correctamente."
846,10846,BOT,"Robot Aspirador",2,ACCEPTED,559.98,1.68320,0.03756,Servidor-2,"Compra completada correctamente."
